organism,time_limit,termination_ll_fba,objective_value_ll_fba,time_ll_fba,feasibility_ll_fba,termination_no_good_cuts,objective_value_no_good_cuts,time_no_good_cuts,feasibility_no_good_cuts,cuts_no_good_cuts,iter_no_good_iter,termination_no_good_cuts_big_m,objective_value_no_good_cuts_big_m,time_no_good_cuts_big_m,feasibility_no_good_cuts_big_m,cuts_no_good_cuts_big_m,iter_no_good_iter_big_m,termination_cb,objective_value_cb,time_cb,feasibility_cb,cuts_cb,iter_cb,times_master_problem_cb,times_sub_problem_cb,times_mis_problem_cb,termination_cb_big_m,objective_value_cb_big_m,time_cb_big_m,feasibility_cb_big_m,cuts_cb_big_m,iter_cb_big_m,times_master_problem_cb_big_m,times_sub_problem_cb_big_m,times_mis_problem_cb_big_m,termination_cb_indicator_and_big_m,objective_value_cb_indicator_and_big_m,time_cb_indicator_and_big_m,feasibility_cb_indicator_and_big_m,cuts_cb_indicator_and_big_m,iter_cb_indicator_and_big_m,times_master_problem_cb_indicator_and_big_m,times_sub_problem_cb_indicator_and_big_m,times_mis_problem_cb_indicator_and_big_m,termination_ll_fba_indicator,objective_value_ll_fba_indicator,time_ll_fba_indicator,feasibility_ll_fba_indicator,termination_fba,objective_value_fba,time_fba,feasibility_fba,termination_cb_mis_0.1,objective_value_cb_mis_0.1,time_cb_mis_0.1,feasibility_cb_mis_0.1,cuts_cb_mis_0.1,iter_cb_mis_0.1,times_master_problem_mis_0.1,times_sub_problem_mis_0.1,times_mis_problem_mis_0.1,termination_cb_big_m_mis_0.1,objective_value_cb_big_m_mis_0.1,time_cb_big_m_mis_0.1,feasibility_cb_big_m_mis_0.1,cuts_cb_big_m_mis_0.1,iter_cb_big_m_mis_0.1,times_master_problem_big_m_mis_0.1,times_sub_problem_big_m_mis_0.1,times_mis_problem_big_m_mis_0.1,termination_cb_mis_0.5,objective_value_cb_mis_0.5,time_cb_mis_0.5,feasibility_cb_mis_0.5,cuts_cb_mis_0.5,iter_cb_mis_0.5,times_master_problem_mis_0.5,times_sub_problem_mis_0.5,times_mis_problem_mis_0.5,termination_cb_big_m_mis_0.5,objective_value_cb_big_m_mis_0.5,time_cb_big_m_mis_0.5,feasibility_cb_big_m_mis_0.5,cuts_cb_big_m_mis_0.5,iter_cb_big_m_mis_0.5,times_master_problem_big_m_mis_0.5,times_sub_problem_big_m_mis_0.5,times_mis_problem_big_m_mis_0.5,termination_cb_mis_1.0,objective_value_cb_mis_1.0,time_cb_mis_1.0,feasibility_cb_mis_1.0,cuts_cb_mis_1.0,iter_cb_mis_1.0,times_master_problem_mis_1.0,times_sub_problem_mis_1.0,times_mis_problem_mis_1.0,termination_cb_big_m_mis_1.0,objective_value_cb_big_m_mis_1.0,time_cb_big_m_mis_1.0,feasibility_cb_big_m_mis_1.0,cuts_cb_big_m_mis_1.0,iter_cb_big_m_mis_1.0,times_master_problem_big_m_mis_1.0,times_sub_problem_big_m_mis_1.0,times_mis_problem_big_m_mis_1.0,termination_cb_mis_2.0,objective_value_cb_mis_2.0,time_cb_mis_2.0,feasibility_cb_mis_2.0,cuts_cb_mis_2.0,iter_cb_mis_2.0,times_master_problem_mis_2.0,times_sub_problem_mis_2.0,times_mis_problem_mis_2.0,termination_cb_big_m_mis_2.0,objective_value_cb_big_m_mis_2.0,time_cb_big_m_mis_2.0,feasibility_cb_big_m_mis_2.0,cuts_cb_big_m_mis_2.0,iter_cb_big_m_mis_2.0,times_master_problem_big_m_mis_2.0,times_sub_problem_big_m_mis_2.0,times_mis_problem_big_m_mis_2.0,termination_cb_mis_5.0,objective_value_cb_mis_5.0,time_cb_mis_5.0,feasibility_cb_mis_5.0,cuts_cb_mis_5.0,iter_cb_mis_5.0,times_master_problem_mis_5.0,times_sub_problem_mis_5.0,times_mis_problem_mis_5.0,termination_cb_big_m_mis_5.0,objective_value_cb_big_m_mis_5.0,time_cb_big_m_mis_5.0,feasibility_cb_big_m_mis_5.0,cuts_cb_big_m_mis_5.0,iter_cb_big_m_mis_5.0,times_master_problem_big_m_mis_5.0,times_sub_problem_big_m_mis_5.0,times_mis_problem_big_m_mis_5.0,termination_cb_mis_10.0,objective_value_cb_mis_10.0,time_cb_mis_10.0,feasibility_cb_mis_10.0,cuts_cb_mis_10.0,iter_cb_mis_10.0,times_master_problem_mis_10.0,times_sub_problem_mis_10.0,times_mis_problem_mis_10.0,termination_cb_big_m_mis_10.0,objective_value_cb_big_m_mis_10.0,time_cb_big_m_mis_10.0,feasibility_cb_big_m_mis_10.0,cuts_cb_big_m_mis_10.0,iter_cb_big_m_mis_10.0,times_master_problem_big_m_mis_10.0,times_sub_problem_big_m_mis_10.0,times_mis_problem_big_m_mis_10.0,termination_cb_mis_20.0,objective_value_cb_mis_20.0,time_cb_mis_20.0,feasibility_cb_mis_20.0,cuts_cb_mis_20.0,iter_cb_mis_20.0,times_master_problem_mis_20.0,times_sub_problem_mis_20.0,times_mis_problem_mis_20.0,termination_cb_big_m_mis_20.0,objective_value_cb_big_m_mis_20.0,time_cb_big_m_mis_20.0,feasibility_cb_big_m_mis_20.0,cuts_cb_big_m_mis_20.0,iter_cb_big_m_mis_20.0,times_master_problem_big_m_mis_20.0,times_sub_problem_big_m_mis_20.0,times_mis_problem_big_m_mis_20.0,termination_cb_mis_30.0,objective_value_cb_mis_30.0,time_cb_mis_30.0,feasibility_cb_mis_30.0,cuts_cb_mis_30.0,iter_cb_mis_30.0,times_master_problem_mis_30.0,times_sub_problem_mis_30.0,times_mis_problem_mis_30.0,termination_cb_big_m_mis_30.0,objective_value_cb_big_m_mis_30.0,time_cb_big_m_mis_30.0,feasibility_cb_big_m_mis_30.0,cuts_cb_big_m_mis_30.0,iter_cb_big_m_mis_30.0,times_master_problem_big_m_mis_30.0,times_sub_problem_big_m_mis_30.0,times_mis_problem_big_m_mis_30.0
iAF692,1800,OPTIMAL,0.0,0,true,TIME_LIMIT,0.027,1800,false,388,389,TIME_LIMIT,0.027,1800,false,447,448,OPTIMAL,0.027,16,true,19,19,0,0,0,OPTIMAL,0.027,3,true,18,18,0,0,0,OPTIMAL,0.021,9,true,17,17,0,0,0,TIME_LIMIT,NaN,1800,false,OPTIMAL,0.027,0,false,OPTIMAL,0.027,25,true,17,9,1,0,0,OPTIMAL,0.0,6,true,16,9,0,0,0,OPTIMAL,0.027,14,true,16,6,1,0,0,OPTIMAL,0.027,6,true,12,4,0,0,0,OPTIMAL,0.027,11,true,12,3,1,0,0,OPTIMAL,0.027,6,true,21,6,0,0,0,OPTIMAL,0.027,17,true,28,6,1,0,0,OPTIMAL,0.027,8,true,35,5,0,0,0,OPTIMAL,0.027,14,true,77,9,0,0,0,OPTIMAL,0.0,6,true,39,4,0,0,0,OPTIMAL,0.027,14,true,66,7,1,0,0,OPTIMAL,0.027,7,true,76,5,0,0,0,OPTIMAL,0.027,14,true,78,7,1,0,0,OPTIMAL,0.027,12,true,245,9,0,0,0,OPTIMAL,0.027,13,true,78,5,1,0,0,OPTIMAL,0.027,16,true,398,13,0,0,0
iJR904,1800,OPTIMAL,0.0,9,true,TIME_LIMIT,0.922,1800,false,205,206,TIME_LIMIT,0.922,1800,false,431,432,OPTIMAL,0.922,21,true,16,16,1,0,0,OPTIMAL,0.922,12,true,19,19,0,0,0,OPTIMAL,0.922,37,true,20,20,1,0,0,TIME_LIMIT,0.0,1800,false,OPTIMAL,0.922,0,true,OPTIMAL,0.922,22,true,17,10,1,0,0,OPTIMAL,0.922,11,true,23,15,0,0,0,OPTIMAL,0.922,17,true,18,10,1,0,0,OPTIMAL,0.922,8,true,16,9,0,0,0,OPTIMAL,0.922,15,true,18,7,1,0,0,OPTIMAL,0.922,8,true,30,10,0,0,0,OPTIMAL,0.922,22,true,27,6,1,0,0,OPTIMAL,0.922,7,true,24,6,0,0,0,OPTIMAL,0.922,18,true,76,9,1,0,0,OPTIMAL,0.922,9,true,49,7,0,0,0,OPTIMAL,0.922,22,true,204,9,1,0,0,OPTIMAL,0.922,9,true,64,6,0,0,0,OPTIMAL,0.922,19,true,67,3,1,0,1,OPTIMAL,0.922,78,true,2040,49,0,0,1,OPTIMAL,0.922,35,true,231,7,2,0,1,OPTIMAL,0.922,14,true,282,6,0,0,1
iML1515,1800,TIME_LIMIT,0.861,1800,false,TIME_LIMIT,0.877,1800,false,84,85,TIME_LIMIT,0.877,1800,false,262,263,OPTIMAL,0.877,188,true,30,30,5,0,0,OPTIMAL,0.877,33,true,36,36,0,0,0,OPTIMAL,0.877,113,true,33,33,3,0,0,TIME_LIMIT,NaN,1800,false,OPTIMAL,0.877,0,false,OPTIMAL,0.877,237,true,52,17,11,0,1,OPTIMAL,0.877,24,true,41,20,1,0,0,OPTIMAL,0.877,202,true,97,14,11,0,1,OPTIMAL,0.877,13,true,39,8,0,0,0,OPTIMAL,0.877,102,true,58,7,9,0,2,OPTIMAL,0.877,16,true,56,8,1,0,1,OPTIMAL,0.877,119,true,124,7,10,0,2,TIME_LIMIT,0.877,1800,false,5954,142,3,0,2,OPTIMAL,0.877,126,true,245,7,10,0,4,TIME_LIMIT,0.877,1800,false,6740,72,5,0,7,OPTIMAL,0.877,385,true,1236,25,7,0,7,TIME_LIMIT,0.877,1800,false,9388,70,4,0,12,OPTIMAL,0.877,210,true,778,9,7,0,10,TIME_LIMIT,0.877,1800,false,8953,37,7,0,22,OPTIMAL,0.877,413,true,1935,16,7,0,13,TIME_LIMIT,0.877,1800,false,12731,41,6,0,21
e_coli_core,1800,OPTIMAL,0.874,0,true,TIME_LIMIT,0.874,1800,false,1677,1678,OPTIMAL,0.874,6,true,35,36,OPTIMAL,0.874,9,true,1,1,0,0,0,OPTIMAL,0.874,5,true,1,1,0,0,0,OPTIMAL,0.874,8,true,1,1,0,0,0,OPTIMAL,0.874,0,true,OPTIMAL,0.874,0,true,OPTIMAL,0.874,13,true,1,1,0,0,0,OPTIMAL,0.874,5,true,1,1,0,0,0,OPTIMAL,0.874,13,true,1,1,0,0,0,OPTIMAL,0.874,5,true,1,1,0,0,0,OPTIMAL,0.874,12,true,1,1,0,0,0,OPTIMAL,0.874,5,true,1,1,0,0,0,OPTIMAL,0.874,16,true,1,1,0,0,0,OPTIMAL,0.874,5,true,1,1,0,0,0,OPTIMAL,0.874,9,true,1,1,0,0,0,OPTIMAL,0.874,5,true,1,1,0,0,0,OPTIMAL,0.874,9,true,1,1,0,0,0,OPTIMAL,0.874,6,true,1,1,0,0,0,OPTIMAL,0.874,9,true,1,1,0,0,0,OPTIMAL,0.874,5,true,1,1,0,0,0,OPTIMAL,0.874,9,true,1,1,0,0,0,OPTIMAL,0.874,5,true,1,1,0,0,0
iNF517,1800,OPTIMAL,0.043,9,true,TIME_LIMIT,0.043,1800,false,377,378,TIME_LIMIT,0.043,1800,false,425,426,OPTIMAL,0.043,29,true,32,32,0,0,0,OPTIMAL,0.043,12,true,40,40,0,0,0,OPTIMAL,0.043,21,true,40,40,0,0,0,OPTIMAL,0.043,19,true,OPTIMAL,0.043,0,false,OPTIMAL,0.043,24,true,34,23,0,0,0,OPTIMAL,0.043,7,true,23,12,0,0,0,OPTIMAL,0.043,30,true,32,21,1,0,0,OPTIMAL,0.043,7,true,36,18,0,0,0,OPTIMAL,0.043,24,true,30,11,1,0,0,OPTIMAL,0.043,6,true,32,8,0,0,0,OPTIMAL,0.043,14,true,34,8,0,0,0,OPTIMAL,0.043,6,true,17,5,0,0,0,OPTIMAL,0.043,12,true,52,7,0,0,0,OPTIMAL,0.043,6,true,29,3,0,0,0,OPTIMAL,0.043,16,true,53,4,1,0,0,OPTIMAL,0.043,6,true,38,4,0,0,0,OPTIMAL,0.043,22,true,94,12,0,0,0,OPTIMAL,0.043,6,true,21,2,0,0,0,OPTIMAL,0.043,13,true,76,5,0,0,0,OPTIMAL,0.043,7,true,133,4,0,0,0
iSB619,1800,OPTIMAL,0.0,0,true,TIME_LIMIT,0.158,1800,false,356,357,TIME_LIMIT,0.158,1800,false,388,389,OPTIMAL,0.158,15,true,3,3,1,0,0,OPTIMAL,0.158,6,true,3,3,0,0,0,OPTIMAL,0.158,10,true,3,3,0,0,0,INFEASIBLE,NaN,2,false,OPTIMAL,0.158,0,false,OPTIMAL,0.158,16,true,3,3,1,0,0,OPTIMAL,0.158,6,true,4,3,0,0,0,OPTIMAL,0.158,13,true,3,3,1,0,0,OPTIMAL,0.158,3,true,5,2,0,0,0,OPTIMAL,0.158,12,true,4,2,1,0,0,OPTIMAL,0.158,13,true,5,2,0,0,0,OPTIMAL,0.158,11,true,4,2,1,0,0,OPTIMAL,0.158,6,true,18,4,0,0,0,OPTIMAL,0.158,11,true,17,3,1,0,0,OPTIMAL,0.158,6,true,25,3,0,0,0,OPTIMAL,0.158,12,true,46,4,1,0,0,OPTIMAL,0.158,9,true,259,11,0,0,0,OPTIMAL,0.158,22,true,590,14,1,0,0,OPTIMAL,0.158,8,true,190,6,0,0,0,OPTIMAL,0.158,11,true,83,2,1,0,0,OPTIMAL,0.066,13,true,740,11,0,0,0
iNJ661,1800,TIME_LIMIT,0.014,1800,false,TIME_LIMIT,0.053,1800,false,281,282,TIME_LIMIT,0.0,1800,false,327,328,OPTIMAL,0.053,61,true,41,41,1,0,0,OPTIMAL,0.052,9,true,14,14,0,0,0,OPTIMAL,0.053,33,true,22,22,1,0,0,TIME_LIMIT,0.0,1800,false,OPTIMAL,0.053,0,false,OPTIMAL,0.053,49,true,36,21,1,0,0,OPTIMAL,0.053,9,true,30,16,0,0,0,OPTIMAL,0.053,29,true,74,23,1,0,0,OPTIMAL,0.053,8,true,33,10,0,0,0,OPTIMAL,0.053,24,true,65,14,1,0,0,OPTIMAL,0.053,8,true,48,9,0,0,0,OPTIMAL,0.053,21,true,75,10,1,0,0,OPTIMAL,0.052,7,true,48,7,0,0,0,OPTIMAL,0.053,23,true,69,5,2,0,0,OPTIMAL,0.053,22,true,476,27,0,0,0,OPTIMAL,0.053,29,true,339,13,1,0,0,OPTIMAL,0.053,23,true,631,24,0,0,0,OPTIMAL,0.053,29,true,433,10,1,0,1,OPTIMAL,0.052,41,true,1327,26,0,0,1,OPTIMAL,0.053,25,true,329,8,1,0,1,OPTIMAL,0.052,41,true,1209,19,0,0,1
iCN900,1800,OPTIMAL,0.0,0,true,TIME_LIMIT,0.0,1800,false,199,200,TIME_LIMIT,0.0,1800,false,331,332,OPTIMAL,0.0,11,true,5,5,0,0,0,OPTIMAL,0.0,6,true,4,4,0,0,0,OPTIMAL,0.0,14,true,10,10,0,0,0,OPTIMAL,0.0,4,true,OPTIMAL,0.0,0,true,OPTIMAL,0.0,20,true,5,4,1,0,0,OPTIMAL,0.0,6,true,7,4,0,0,0,OPTIMAL,0.0,10,true,6,3,1,0,0,OPTIMAL,0.0,6,true,12,2,0,0,0,OPTIMAL,0.0,11,true,8,3,1,0,0,OPTIMAL,0.0,6,true,25,3,0,0,0,OPTIMAL,0.0,10,true,8,2,1,0,0,OPTIMAL,0.0,6,true,26,2,0,0,0,OPTIMAL,0.0,11,true,11,2,1,0,0,OPTIMAL,0.0,6,true,60,2,0,0,0,OPTIMAL,0.0,16,true,15,2,1,0,1,OPTIMAL,0.0,9,true,194,5,0,0,1,OPTIMAL,0.0,213,true,7507,87,1,0,1,OPTIMAL,0.0,10,true,200,4,0,0,1,OPTIMAL,0.0,185,true,5159,44,1,0,3,OPTIMAL,0.0,25,true,569,12,0,0,1
iAF1260,1800,TIME_LIMIT,0.0,1800,false,TIME_LIMIT,0.737,1800,false,96,97,TIME_LIMIT,0.722,1800,false,291,292,OPTIMAL,0.737,166,true,47,47,3,0,0,OPTIMAL,0.737,39,true,29,29,1,0,0,OPTIMAL,0.737,198,true,39,39,4,0,0,TIME_LIMIT,NaN,1800,false,OPTIMAL,0.737,0,false,OPTIMAL,0.737,203,true,58,26,6,0,0,OPTIMAL,0.737,27,true,33,15,1,0,0,OPTIMAL,0.737,58,true,79,14,3,0,0,OPTIMAL,0.737,20,true,46,10,1,0,0,OPTIMAL,0.737,54,true,122,10,3,0,1,OPTIMAL,0.737,18,true,62,9,1,0,0,OPTIMAL,0.737,70,true,206,12,4,0,1,OPTIMAL,0.737,15,true,56,6,1,0,1,OPTIMAL,0.737,44,true,131,6,4,0,1,OPTIMAL,0.737,15,true,58,3,1,0,1,OPTIMAL,0.737,89,true,516,8,5,0,2,OPTIMAL,0.737,42,true,233,7,1,0,3,OPTIMAL,0.737,165,true,1016,14,5,0,5,OPTIMAL,0.737,89,true,773,12,1,0,5,OPTIMAL,0.737,239,true,2030,16,4,0,7,OPTIMAL,0.737,1712,true,16759,79,5,0,10
iEK1008,1800,OPTIMAL,0.0,473,true,TIME_LIMIT,0.058,1800,false,227,228,TIME_LIMIT,0.058,1800,false,370,371,OPTIMAL,0.058,20,true,5,5,1,0,0,OPTIMAL,0.058,9,true,9,9,0,0,0,OPTIMAL,0.058,17,true,8,8,1,0,0,TIME_LIMIT,0.0,1800,false,OPTIMAL,0.058,0,false,OPTIMAL,0.058,20,true,7,5,2,0,0,OPTIMAL,0.058,7,true,9,7,0,0,0,OPTIMAL,0.058,14,true,13,3,2,0,0,OPTIMAL,0.058,7,true,9,4,0,0,0,OPTIMAL,0.058,13,true,15,2,2,0,0,OPTIMAL,0.058,6,true,10,3,0,0,0,OPTIMAL,0.058,15,true,30,3,1,0,0,OPTIMAL,0.058,6,true,13,2,0,0,0,OPTIMAL,0.058,20,true,49,3,2,0,1,OPTIMAL,0.058,10,true,74,7,0,0,0,OPTIMAL,0.058,23,true,102,4,2,0,1,OPTIMAL,0.058,9,true,60,4,0,0,1,OPTIMAL,0.058,20,true,181,4,1,0,1,OPTIMAL,0.058,21,true,307,9,0,0,1,OPTIMAL,0.058,25,true,173,3,2,0,1,OPTIMAL,0.058,10,true,117,2,0,0,1
iJO1366,1800,TIME_LIMIT,0.0,1800,false,TIME_LIMIT,0.982,1800,false,102,103,TIME_LIMIT,0.982,1800,false,340,341,OPTIMAL,0.982,286,true,50,50,5,0,0,OPTIMAL,0.982,52,true,48,48,1,0,0,OPTIMAL,0.982,135,true,41,41,3,0,0,TIME_LIMIT,NaN,1800,false,OPTIMAL,0.982,0,false,OPTIMAL,0.982,114,true,54,16,6,0,0,OPTIMAL,0.982,16,true,40,14,0,0,0,OPTIMAL,0.982,75,true,57,10,6,0,0,OPTIMAL,0.982,17,true,62,11,1,0,0,OPTIMAL,0.982,95,true,77,13,6,0,0,OPTIMAL,0.982,13,true,57,9,0,0,0,OPTIMAL,0.982,67,true,117,8,6,0,1,OPTIMAL,0.982,14,true,79,8,0,0,1,OPTIMAL,0.982,82,true,187,9,5,0,2,OPTIMAL,0.982,30,true,153,9,1,0,2,OPTIMAL,0.982,134,true,370,13,5,0,3,OPTIMAL,0.982,56,true,356,10,0,0,3,OPTIMAL,0.982,186,true,720,9,8,0,7,TIME_LIMIT,0.982,1800,false,18140,99,5,0,12,OPTIMAL,0.982,172,true,1038,9,6,0,8,TIME_LIMIT,0.982,1800,false,18808,82,5,0,15
iMM904,1800,OPTIMAL,0.277,650,true,TIME_LIMIT,0.288,1800,false,148,149,TIME_LIMIT,0.288,1800,false,411,412,OPTIMAL,0.288,154,true,55,55,2,0,0,OPTIMAL,0.287,24,true,47,47,0,0,0,OPTIMAL,0.288,154,true,43,43,2,0,0,TIME_LIMIT,NaN,1800,false,OPTIMAL,0.288,0,false,OPTIMAL,0.288,69,true,44,17,3,0,0,OPTIMAL,0.288,14,true,46,18,0,0,0,OPTIMAL,0.288,45,true,47,13,2,0,0,OPTIMAL,0.288,12,true,53,12,0,0,0,OPTIMAL,0.288,37,true,48,9,2,0,0,OPTIMAL,0.288,9,true,47,10,0,0,0,OPTIMAL,0.288,77,true,125,16,3,0,0,OPTIMAL,0.287,10,true,66,9,0,0,0,OPTIMAL,0.288,25,true,66,4,3,0,1,OPTIMAL,0.288,33,true,170,23,0,0,1,OPTIMAL,0.288,84,true,237,10,4,0,2,OPTIMAL,0.281,70,true,884,24,1,0,2,OPTIMAL,0.288,100,true,512,15,3,0,2,OPTIMAL,0.288,146,true,1891,30,1,0,3,OPTIMAL,0.288,144,true,1138,20,2,0,4,OPTIMAL,0.288,183,true,1990,26,1,0,4
iSDY_1059,1800,OPTIMAL,0.938,1457,true,TIME_LIMIT,0.938,1800,false,117,118,TIME_LIMIT,0.938,1800,false,331,332,OPTIMAL,0.938,273,true,58,58,4,0,0,OPTIMAL,0.938,46,true,54,54,0,0,0,OPTIMAL,0.938,141,true,48,48,2,0,0,TIME_LIMIT,NaN,1800,false,OPTIMAL,0.938,0,false,OPTIMAL,0.938,89,true,48,20,4,0,0,OPTIMAL,0.938,24,true,58,23,0,0,0,OPTIMAL,0.938,76,true,73,15,4,0,0,OPTIMAL,0.938,16,true,61,11,0,0,1,OPTIMAL,0.938,56,true,63,11,3,0,0,OPTIMAL,0.938,16,true,70,11,0,0,1,OPTIMAL,0.938,63,true,92,10,4,0,1,OPTIMAL,0.938,27,true,137,12,1,0,1,OPTIMAL,0.938,156,true,500,22,4,0,2,TIME_LIMIT,0.938,1800,false,11999,199,4,0,3,OPTIMAL,0.938,117,true,242,12,4,0,3,TIME_LIMIT,0.938,1800,false,15363,143,4,0,5,OPTIMAL,0.938,119,true,600,10,4,0,5,TIME_LIMIT,0.938,1800,false,15520,101,4,0,11,OPTIMAL,0.938,95,true,345,6,4,0,6,OPTIMAL,0.938,199,true,1324,17,1,0,9
iSFV_1184,1800,OPTIMAL,0.894,1710,true,TIME_LIMIT,0.894,1800,false,108,109,TIME_LIMIT,0.894,1800,false,310,311,OPTIMAL,0.894,442,true,74,74,5,0,0,OPTIMAL,0.894,85,true,79,79,1,0,0,OPTIMAL,0.894,254,true,78,78,3,0,0,TIME_LIMIT,NaN,1800,false,OPTIMAL,0.894,0,false,OPTIMAL,0.894,202,true,72,37,4,0,0,OPTIMAL,0.894,36,true,79,41,0,0,0,OPTIMAL,0.894,128,true,87,17,6,0,1,OPTIMAL,0.894,22,true,91,16,0,0,0,OPTIMAL,0.894,161,true,115,15,7,0,1,OPTIMAL,0.894,25,true,117,13,0,0,1,OPTIMAL,0.894,79,true,120,10,5,0,1,OPTIMAL,0.894,1632,true,7810,282,3,0,1,OPTIMAL,0.894,146,true,270,13,6,0,3,TIME_LIMIT,0.894,1800,false,12848,216,4,0,3,OPTIMAL,0.894,111,true,348,10,5,0,4,OPTIMAL,0.894,60,true,357,10,1,0,4,OPTIMAL,0.894,118,true,455,6,6,0,7,OPTIMAL,0.894,42,true,273,4,1,0,4,OPTIMAL,0.894,215,true,1177,13,5,0,8,TIME_LIMIT,0.894,1800,false,16458,74,5,0,16
iSF_1195,1800,OPTIMAL,0.915,1584,true,TIME_LIMIT,0.915,1800,false,92,93,TIME_LIMIT,0.915,1800,false,278,279,OPTIMAL,0.915,452,true,68,68,6,0,0,OPTIMAL,0.915,43,true,60,60,0,0,0,OPTIMAL,0.915,151,true,59,59,2,0,0,TIME_LIMIT,NaN,1800,false,OPTIMAL,0.915,0,false,OPTIMAL,0.915,170,true,66,36,4,0,0,OPTIMAL,0.915,28,true,60,32,0,0,0,OPTIMAL,0.915,123,true,87,14,6,0,1,OPTIMAL,0.915,13,true,57,8,0,0,1,OPTIMAL,0.915,90,true,189,16,4,0,1,OPTIMAL,0.915,37,true,157,20,1,0,1,OPTIMAL,0.915,58,true,130,9,4,0,1,OPTIMAL,0.915,29,true,153,13,0,0,1,OPTIMAL,0.915,64,true,191,7,5,0,2,TIME_LIMIT,0.915,1800,false,12364,209,4,0,3,OPTIMAL,0.915,108,true,412,10,4,0,4,TIME_LIMIT,0.915,1800,false,11512,138,5,0,6,OPTIMAL,0.915,186,true,837,15,4,0,6,TIME_LIMIT,0.915,1800,false,18632,106,4,0,9,OPTIMAL,0.915,282,true,1047,12,7,0,11,OPTIMAL,0.915,1654,true,19334,80,5,0,13
iS_1188,1800,TIME_LIMIT,0.832,1800,false,TIME_LIMIT,0.857,1800,false,110,111,TIME_LIMIT,0.857,1800,false,298,299,OPTIMAL,0.857,311,true,66,66,4,0,0,OPTIMAL,0.857,52,true,61,61,0,0,0,OPTIMAL,0.857,185,true,60,60,3,0,0,TIME_LIMIT,0.0,1800,false,OPTIMAL,0.857,0,false,OPTIMAL,0.857,176,true,74,36,4,0,0,OPTIMAL,0.857,25,true,59,28,0,0,0,OPTIMAL,0.857,159,true,83,34,4,0,0,OPTIMAL,0.857,24,true,60,19,0,0,0,OPTIMAL,0.857,72,true,93,12,4,0,1,OPTIMAL,0.857,16,true,81,9,0,0,1,OPTIMAL,0.857,93,true,162,15,4,0,1,OPTIMAL,0.857,30,true,121,9,1,0,2,OPTIMAL,0.857,67,true,214,8,4,0,2,OPTIMAL,0.857,21,true,108,5,0,0,2,OPTIMAL,0.857,74,true,259,7,4,0,3,OPTIMAL,0.857,43,true,206,7,0,0,3,OPTIMAL,0.857,193,true,1092,14,5,0,6,TIME_LIMIT,0.857,1800,false,12471,69,5,0,8,OPTIMAL,0.857,189,true,1122,12,4,0,8,TIME_LIMIT,0.857,1800,false,15211,63,5,0,12
iSbBS512_1146,1800,TIME_LIMIT,0.0,1800,false,TIME_LIMIT,0.983,1800,false,70,71,ERROR,NaN,,false,,,OPTIMAL,0.983,360,true,84,84,4,0,0,OPTIMAL,0.983,118,true,78,78,1,0,0,OPTIMAL,0.983,239,true,75,75,3,0,0,TIME_LIMIT,NaN,1800,false,OPTIMAL,0.983,0,false,OPTIMAL,0.983,168,true,73,37,4,0,0,OPTIMAL,0.983,39,true,77,39,1,0,0,OPTIMAL,0.983,74,true,98,15,4,0,1,OPTIMAL,0.983,39,true,116,19,1,0,1,OPTIMAL,0.983,100,true,165,14,5,0,1,OPTIMAL,0.983,30,true,153,16,1,0,1,OPTIMAL,0.983,75,true,177,12,4,0,1,TIME_LIMIT,0.983,1800,false,9241,300,3,0,1,OPTIMAL,0.983,129,true,326,15,5,0,2,TIME_LIMIT,NaN,1800,false,3974,61,5,0,3,OPTIMAL,0.983,107,true,387,9,5,0,4,TIME_LIMIT,0.983,1800,false,8427,79,10,0,6,OPTIMAL,0.983,192,true,867,14,4,0,7,ERROR,,,,,,,,,OPTIMAL,0.983,187,true,917,10,5,0,9,ERROR,,,,,,,,
RECON1,1800,OPTIMAL,0.0,83,true,TIME_LIMIT,0.0,1800,false,80,81,TIME_LIMIT,0.0,1800,false,774,775,TIME_LIMIT,0.0,1800,false,542,543,3,0,0,OPTIMAL,0.0,297,true,275,275,0,0,0,TIME_LIMIT,0.0,1800,false,512,513,3,0,0,OPTIMAL,0.0,76,true,OPTIMAL,0.0,0,true,TIME_LIMIT,0.0,1800,false,2318,523,3,0,0,OPTIMAL,0.0,106,true,665,154,0,0,0,TIME_LIMIT,0.0,1800,false,6179,412,3,0,1,OPTIMAL,0.0,163,true,2056,131,0,0,1,TIME_LIMIT,0.0,1800,false,6715,255,5,0,2,OPTIMAL,0.0,406,true,5951,237,0,0,1,TIME_LIMIT,0.0,1800,false,12872,278,4,0,2,OPTIMAL,0.0,1041,true,14246,324,1,0,2,TIME_LIMIT,0.0,1800,false,15403,173,5,0,5,TIME_LIMIT,0.0,1800,false,23973,272,1,0,5,TIME_LIMIT,0.0,1800,false,18873,111,6,0,10,TIME_LIMIT,0.0,1800,false,24100,146,2,0,10,TIME_LIMIT,0.0,1800,false,22512,66,7,0,20,TIME_LIMIT,0.0,1800,false,27347,82,2,0,19,TIME_LIMIT,0.0,1800,false,17958,37,9,0,39,TIME_LIMIT,0.0,1800,false,27479,55,2,0,29
Recon3D,1800,TIME_LIMIT,NaN,1800,false,TIME_LIMIT,190.883,1800,false,0,1,TIME_LIMIT,755.003,1800,false,50,51,TIME_LIMIT,190.883,1800,false,0,1,1800,0,5,TIME_LIMIT,755.003,1800,false,240,241,5,0,1,TIME_LIMIT,755.003,1800,false,52,53,32,0,1,TIME_LIMIT,NaN,1800,false,OPTIMAL,755.003,2,false,TIME_LIMIT,746.737,1800,false,0,1,1800,0,5,TIME_LIMIT,755.003,1800,false,1544,152,7,0,3,TIME_LIMIT,746.737,1800,false,0,1,1800,0,13,TIME_LIMIT,755.003,1800,false,2535,75,8,0,15,TIME_LIMIT,746.737,1800,false,0,1,1800,0,27,TIME_LIMIT,755.003,1800,false,3016,46,8,0,30,TIME_LIMIT,746.737,1800,false,0,1,1800,0,62,TIME_LIMIT,755.003,1800,false,3258,24,8,0,66,TIME_LIMIT,190.883,1800,false,0,1,1800,0,194,TIME_LIMIT,755.003,1800,false,3516,10,8,0,176,TIME_LIMIT,190.883,1800,false,0,1,1800,0,345,TIME_LIMIT,755.003,1800,false,2870,5,9,0,357,TIME_LIMIT,190.883,1800,false,0,1,1800,1,653,TIME_LIMIT,755.003,1800,false,3033,3,9,0,738,TIME_LIMIT,190.883,1800,false,0,1,1800,0,881,TIME_LIMIT,755.003,1800,false,1876,2,6,0,1026
STM_v1_0,1800,TIME_LIMIT,0.0,1800,false,TIME_LIMIT,0.478,1800,false,83,84,TIME_LIMIT,0.478,1800,false,254,255,OPTIMAL,0.478,105,true,24,24,4,0,0,OPTIMAL,0.478,23,true,32,32,0,0,0,OPTIMAL,0.478,86,true,28,28,2,0,0,TIME_LIMIT,NaN,1800,false,OPTIMAL,0.478,0,false,OPTIMAL,0.478,50,true,23,9,4,0,0,OPTIMAL,0.478,12,true,27,10,0,0,0,OPTIMAL,0.478,50,true,37,10,3,0,0,OPTIMAL,0.478,12,true,36,10,0,0,0,OPTIMAL,0.478,42,true,52,7,4,0,1,OPTIMAL,0.478,11,true,40,7,0,0,0,OPTIMAL,0.478,64,true,79,6,6,0,1,OPTIMAL,0.478,9,true,31,3,0,0,1,OPTIMAL,0.478,49,true,202,5,4,0,2,OPTIMAL,0.478,52,true,335,15,1,0,2,OPTIMAL,0.478,42,true,191,3,5,0,3,TIME_LIMIT,0.478,1800,false,14227,139,3,0,6,OPTIMAL,0.478,55,true,494,3,4,0,4,OPTIMAL,0.478,934,true,11003,61,3,0,10,OPTIMAL,0.478,213,true,1928,10,4,0,10,OPTIMAL,0.478,1565,true,16392,64,3,0,15
iAB_RBC_283,1800,OPTIMAL,2.936,0,true,TIME_LIMIT,2.936,1800,false,671,672,TIME_LIMIT,2.936,1800,false,516,517,OPTIMAL,2.936,11,true,6,6,0,0,0,OPTIMAL,2.936,5,true,4,4,0,0,0,OPTIMAL,2.936,9,true,3,3,0,0,0,OPTIMAL,2.936,1,true,OPTIMAL,2.936,0,false,OPTIMAL,2.936,11,true,6,6,0,0,0,OPTIMAL,2.936,6,true,4,4,0,0,0,OPTIMAL,2.936,10,true,6,4,0,0,0,OPTIMAL,2.936,5,true,4,3,0,0,0,OPTIMAL,2.936,12,true,6,4,0,0,0,OPTIMAL,2.936,5,true,4,2,0,0,0,OPTIMAL,2.936,10,true,6,3,0,0,0,OPTIMAL,2.936,5,true,4,2,0,0,0,OPTIMAL,2.936,10,true,6,2,1,0,0,OPTIMAL,2.936,6,true,11,2,0,0,0,OPTIMAL,2.936,10,true,6,2,1,0,0,OPTIMAL,2.936,5,true,11,2,0,0,0,OPTIMAL,2.936,10,true,6,2,1,0,0,OPTIMAL,2.936,6,true,11,2,0,0,0,OPTIMAL,2.936,10,true,9,2,1,0,0,OPTIMAL,2.936,6,true,11,2,0,0,0
iAPECO1_1312,1800,TIME_LIMIT,0.934,1800,false,TIME_LIMIT,0.982,1800,false,71,72,TIME_LIMIT,0.982,1800,false,216,217,OPTIMAL,0.982,954,true,141,141,6,0,0,OPTIMAL,0.982,107,true,113,113,1,0,0,OPTIMAL,0.982,422,true,105,105,3,0,0,TIME_LIMIT,0.0,1800,false,OPTIMAL,0.982,0,false,OPTIMAL,0.982,318,true,120,42,6,0,0,OPTIMAL,0.982,24,true,76,24,0,0,0,OPTIMAL,0.982,261,true,139,26,8,0,1,OPTIMAL,0.982,23,true,107,15,1,0,0,OPTIMAL,0.982,104,true,119,13,6,0,1,OPTIMAL,0.982,23,true,122,15,1,0,0,OPTIMAL,0.982,124,true,206,15,6,0,1,OPTIMAL,0.982,27,true,145,15,1,0,1,OPTIMAL,0.982,182,true,337,17,6,0,3,OPTIMAL,0.982,97,true,789,25,1,0,3,OPTIMAL,0.982,155,true,558,10,7,0,5,OPTIMAL,0.982,1559,true,15566,117,4,0,7,OPTIMAL,0.982,294,true,1165,15,6,0,9,TIME_LIMIT,0.982,1800,false,17835,77,6,0,13,OPTIMAL,0.982,417,true,2751,15,8,0,14,TIME_LIMIT,0.982,1800,false,17877,58,6,0,20
iECB_1328,1800,TIME_LIMIT,0.0,1800,false,TIME_LIMIT,0.982,1800,false,93,94,TIME_LIMIT,0.982,1800,false,253,254,OPTIMAL,0.982,486,true,90,90,5,0,0,OPTIMAL,0.982,80,true,83,83,1,0,0,OPTIMAL,0.982,281,true,74,74,3,0,0,TIME_LIMIT,NaN,1800,false,OPTIMAL,0.982,0,false,OPTIMAL,0.982,191,true,90,32,5,0,0,OPTIMAL,0.982,23,true,72,22,0,0,0,OPTIMAL,0.982,83,true,80,13,5,0,0,OPTIMAL,0.982,18,true,75,12,0,0,0,OPTIMAL,0.982,101,true,99,16,5,0,0,OPTIMAL,0.982,17,true,73,11,0,0,0,OPTIMAL,0.982,90,true,156,12,5,0,1,OPTIMAL,0.982,20,true,134,11,1,0,1,OPTIMAL,0.982,127,true,232,10,7,0,2,OPTIMAL,0.982,68,true,335,20,1,0,2,OPTIMAL,0.982,199,true,675,16,5,0,5,TIME_LIMIT,0.982,1800,false,15641,127,5,0,7,OPTIMAL,0.982,193,true,628,10,6,0,8,TIME_LIMIT,0.982,1800,false,17199,86,4,0,12,OPTIMAL,0.982,445,true,2085,18,7,0,13,TIME_LIMIT,0.982,1800,false,19362,65,5,0,18
iETEC_1333,1800,TIME_LIMIT,0.0,1800,false,TIME_LIMIT,0.982,1800,false,111,112,TIME_LIMIT,0.982,1800,false,227,228,OPTIMAL,0.982,544,true,102,102,5,0,0,OPTIMAL,0.982,88,true,100,100,1,0,0,OPTIMAL,0.982,339,true,86,86,3,0,0,TIME_LIMIT,NaN,1800,false,OPTIMAL,0.982,0,false,OPTIMAL,0.982,219,true,93,37,5,0,0,OPTIMAL,0.982,37,true,95,29,1,0,0,OPTIMAL,0.982,133,true,103,16,6,0,1,OPTIMAL,0.982,18,true,70,12,0,0,0,OPTIMAL,0.982,126,true,106,19,5,0,1,OPTIMAL,0.982,14,true,72,9,0,0,0,OPTIMAL,0.982,119,true,208,17,5,0,1,OPTIMAL,0.982,16,true,86,7,1,0,1,OPTIMAL,0.982,118,true,205,10,6,0,3,OPTIMAL,0.982,35,true,158,7,1,0,3,OPTIMAL,0.982,118,true,346,9,6,0,4,TIME_LIMIT,0.982,1800,false,10743,92,5,0,9,OPTIMAL,0.982,267,true,919,14,6,0,9,TIME_LIMIT,0.982,1800,false,14138,65,6,0,17,OPTIMAL,0.982,274,true,1015,12,6,0,11,TIME_LIMIT,0.982,1800,false,15782,61,4,0,21
iHN637,1800,OPTIMAL,0.224,4,true,OPTIMAL,0.224,613,true,177,178,TIME_LIMIT,0.224,1800,false,575,576,OPTIMAL,0.224,11,true,2,2,1,0,0,OPTIMAL,0.224,7,true,5,5,0,0,0,OPTIMAL,0.224,10,true,4,4,0,0,0,OPTIMAL,0.224,64,true,OPTIMAL,0.224,0,false,OPTIMAL,0.224,10,true,3,2,1,0,0,OPTIMAL,0.224,6,true,5,3,0,0,0,OPTIMAL,0.224,10,true,3,1,1,0,1,OPTIMAL,0.224,6,true,8,4,0,0,0,OPTIMAL,0.224,18,true,5,1,2,0,1,OPTIMAL,0.224,6,true,8,2,0,0,0,OPTIMAL,0.224,11,true,7,1,1,0,0,OPTIMAL,0.224,6,true,14,4,0,0,0,OPTIMAL,0.224,11,true,13,1,1,0,0,OPTIMAL,0.224,6,true,6,1,0,0,0,OPTIMAL,0.224,10,true,22,1,1,0,0,OPTIMAL,0.224,7,true,30,3,0,0,0,OPTIMAL,0.224,11,true,33,1,1,0,0,OPTIMAL,0.224,9,true,118,6,0,0,0,OPTIMAL,0.224,11,true,36,1,1,0,0,OPTIMAL,0.224,8,true,79,3,0,0,0
iIS312_Amastigote,1800,OPTIMAL,25.339,0,true,OPTIMAL,25.339,12,true,11,12,TIME_LIMIT,25.339,1800,false,522,523,OPTIMAL,25.339,10,true,5,5,0,0,0,OPTIMAL,25.339,6,true,5,5,0,0,0,OPTIMAL,25.339,9,true,4,4,0,0,0,OPTIMAL,25.339,1,true,OPTIMAL,25.339,0,false,OPTIMAL,25.339,10,true,5,5,0,0,0,OPTIMAL,25.339,6,true,5,4,0,0,0,OPTIMAL,25.339,14,true,5,3,0,0,0,OPTIMAL,25.339,6,true,5,2,0,0,0,OPTIMAL,25.339,14,true,5,3,0,0,0,OPTIMAL,25.339,5,true,5,2,0,0,0,OPTIMAL,25.339,10,true,10,6,0,0,0,OPTIMAL,25.339,6,true,5,2,0,0,0,OPTIMAL,25.339,10,true,7,3,0,0,0,OPTIMAL,25.339,6,true,5,1,0,0,0,OPTIMAL,25.339,10,true,7,2,0,0,0,OPTIMAL,25.339,6,true,7,1,0,0,0,OPTIMAL,25.339,11,true,15,4,0,0,0,OPTIMAL,25.339,6,true,17,2,0,0,0,OPTIMAL,25.339,10,true,21,1,1,0,0,OPTIMAL,25.339,7,true,23,2,0,0,0
iJB785,1800,OPTIMAL,0.054,15,true,OPTIMAL,0.054,11,true,2,3,OPTIMAL,0.0,9,true,35,36,OPTIMAL,0.054,14,true,5,5,1,0,0,OPTIMAL,0.054,7,true,4,4,0,0,0,OPTIMAL,0.054,11,true,4,4,1,0,0,OPTIMAL,0.054,429,true,OPTIMAL,0.054,0,true,OPTIMAL,0.054,12,true,5,3,1,0,0,OPTIMAL,0.054,6,true,4,2,0,0,0,OPTIMAL,0.054,16,true,5,2,2,0,0,OPTIMAL,0.054,6,true,4,2,0,0,0,OPTIMAL,0.054,10,true,5,1,1,0,0,OPTIMAL,0.054,7,true,4,1,0,0,0,OPTIMAL,0.054,10,true,7,1,1,0,0,OPTIMAL,0.054,6,true,4,1,0,0,0,OPTIMAL,0.054,12,true,12,1,2,0,0,OPTIMAL,0.054,6,true,10,1,0,0,1,OPTIMAL,0.054,11,true,23,1,1,0,0,OPTIMAL,0.054,7,true,14,1,1,0,0,OPTIMAL,0.054,10,true,37,1,1,0,0,OPTIMAL,0.054,8,true,41,2,0,0,0,OPTIMAL,0.054,13,true,67,2,1,0,0,OPTIMAL,0.054,7,true,34,1,0,0,1
iJN746,1800,OPTIMAL,1.4,332,true,TIME_LIMIT,1.4,1800,false,217,218,ERROR,NaN,,false,,,OPTIMAL,1.4,41,true,55,55,0,0,0,OPTIMAL,1.4,237,true,264,264,1,0,0,OPTIMAL,1.4,62,true,63,63,1,0,0,OPTIMAL,1.4,10,true,OPTIMAL,1.4,0,false,OPTIMAL,1.4,37,true,50,31,1,0,0,OPTIMAL,1.4,88,true,194,115,1,0,0,OPTIMAL,1.4,42,true,81,23,1,0,0,OPTIMAL,1.4,59,true,277,72,1,0,0,OPTIMAL,1.4,22,true,82,16,1,0,0,OPTIMAL,1.4,40,true,301,49,1,0,0,OPTIMAL,1.4,39,true,145,17,1,0,0,OPTIMAL,1.4,53,true,330,39,1,0,0,OPTIMAL,1.4,25,true,231,16,1,0,0,OPTIMAL,1.4,128,true,1689,86,1,0,0,OPTIMAL,1.4,23,true,305,12,1,0,0,OPTIMAL,1.4,84,true,1449,48,1,0,0,OPTIMAL,1.4,24,true,462,10,1,0,1,OPTIMAL,1.4,192,true,4431,65,2,0,1,OPTIMAL,1.4,22,true,491,7,1,0,1,OPTIMAL,1.4,136,true,4175,44,1,0,1
iLB1027_lipid,1800,TIME_LIMIT,0.0,1800,false,TIME_LIMIT,0.36,1800,false,39,40,TIME_LIMIT,0.36,1800,false,216,217,TIME_LIMIT,0.36,1800,false,4,5,71,0,0,TIME_LIMIT,0.36,1800,false,487,488,3,0,0,OPTIMAL,0.36,1678,true,60,60,18,0,0,TIME_LIMIT,NaN,1800,false,OPTIMAL,0.36,1,false,TIME_LIMIT,0.36,1800,false,14,5,120,0,1,TIME_LIMIT,0.36,1800,false,1638,335,3,0,1,OPTIMAL,0.36,1473,true,85,9,82,0,4,TIME_LIMIT,0.36,1800,false,3225,148,5,0,5,OPTIMAL,0.36,598,true,106,6,64,0,6,TIME_LIMIT,0.36,1800,false,3568,91,7,0,9,OPTIMAL,0.36,685,true,170,5,73,0,8,TIME_LIMIT,0.36,1800,false,4170,62,9,0,17,OPTIMAL,0.36,1800,true,390,10,56,0,15,TIME_LIMIT,0.36,1800,false,4099,31,11,0,42,OPTIMAL,0.36,383,true,327,4,38,0,16,TIME_LIMIT,0.36,1800,false,4344,21,9,0,71,OPTIMAL,0.36,604,true,574,5,28,0,33,TIME_LIMIT,0.36,1800,false,5086,10,11,0,159,TIME_LIMIT,0.36,1800,false,1714,4,155,0,131,TIME_LIMIT,0.36,1800,false,6612,9,14,0,196
iMM1415,1800,OPTIMAL,0.0,1550,true,TIME_LIMIT,0.0,1800,false,82,83,TIME_LIMIT,0.0,1800,false,820,821,TIME_LIMIT,0.0,1800,false,453,454,4,0,0,OPTIMAL,0.0,110,true,164,164,0,0,0,OPTIMAL,0.0,545,true,151,151,3,0,0,OPTIMAL,0.0,71,true,OPTIMAL,0.0,0,true,TIME_LIMIT,0.0,1800,false,1640,392,4,0,0,OPTIMAL,0.0,125,true,556,154,0,0,0,TIME_LIMIT,0.0,1800,false,5866,397,4,0,1,OPTIMAL,0.0,150,true,1727,118,0,0,1,TIME_LIMIT,0.0,1800,false,8276,365,4,0,1,OPTIMAL,0.0,296,true,4019,181,0,0,1,TIME_LIMIT,0.0,1800,false,11216,291,4,0,2,OPTIMAL,0.0,808,true,10693,281,1,0,2,TIME_LIMIT,0.0,1800,false,13976,164,5,0,5,OPTIMAL,0.0,1769,true,19991,260,1,0,5,TIME_LIMIT,0.0,1800,false,15962,97,7,0,11,OPTIMAL,0.0,1380,true,16988,109,1,0,10,TIME_LIMIT,0.0,1800,false,19032,55,8,0,25,TIME_LIMIT,0.0,1800,false,22585,65,2,0,25,TIME_LIMIT,0.0,1800,false,19356,40,8,0,36,TIME_LIMIT,0.0,1800,false,21815,47,2,0,35
iND750,1800,OPTIMAL,0.0,8,true,TIME_LIMIT,0.097,1800,false,187,188,OPTIMAL,0.0,6,true,7,8,OPTIMAL,0.097,46,true,34,34,1,0,0,OPTIMAL,0.0,10,true,13,13,0,0,0,OPTIMAL,0.097,81,true,28,28,2,0,0,TIME_LIMIT,0.0,1800,false,OPTIMAL,0.097,0,false,OPTIMAL,0.097,51,true,30,17,2,0,0,OPTIMAL,0.0,13,true,22,12,0,0,0,OPTIMAL,0.097,38,true,36,12,2,0,0,OPTIMAL,0.0,8,true,22,6,0,0,0,OPTIMAL,0.097,30,true,38,10,1,0,0,OPTIMAL,0.0,9,true,41,8,0,0,0,OPTIMAL,0.097,28,true,51,9,2,0,0,OPTIMAL,0.0,9,true,55,10,0,0,0,OPTIMAL,0.097,37,true,48,6,3,0,0,OPTIMAL,0.0,10,true,47,5,0,0,0,OPTIMAL,0.097,24,true,106,5,2,0,1,OPTIMAL,0.0,19,true,92,9,0,0,1,OPTIMAL,0.097,44,true,240,8,2,0,1,OPTIMAL,0.0,15,true,113,5,0,0,1,OPTIMAL,0.097,50,true,203,6,3,0,2,OPTIMAL,0.097,43,true,1073,17,0,0,2
iRC1080,1800,OPTIMAL,0.0,373,true,TIME_LIMIT,0.0,1800,false,92,93,TIME_LIMIT,0.0,1800,false,305,306,TIME_LIMIT,0.0,1800,false,487,488,3,0,0,OPTIMAL,0.0,264,true,378,378,0,0,0,OPTIMAL,0.0,1502,true,582,582,2,0,0,TIME_LIMIT,NaN,1800,false,OPTIMAL,0.0,0,false,OPTIMAL,0.0,806,true,409,146,5,0,0,OPTIMAL,0.0,125,true,500,171,0,0,0,OPTIMAL,0.0,246,true,495,52,4,0,1,OPTIMAL,0.0,77,true,668,63,0,0,1,OPTIMAL,0.0,208,true,656,45,3,0,1,OPTIMAL,0.0,63,true,676,39,0,0,1,OPTIMAL,0.0,223,true,512,22,6,0,3,OPTIMAL,0.0,131,true,1626,51,1,0,2,OPTIMAL,0.0,305,true,1329,34,4,0,4,INFEASIBLE,NaN,1,false,1430,24,1,0,4,OPTIMAL,0.0,312,true,1492,28,4,0,6,OPTIMAL,0.0,412,true,4436,60,1,0,5,OPTIMAL,0.0,678,true,2908,40,5,0,11,OPTIMAL,0.0,290,true,3190,24,1,0,9,OPTIMAL,0.0,400,true,2245,17,5,0,14,ERROR,,,,,,,,
iSFxv_1172,1800,OPTIMAL,0.894,966,true,TIME_LIMIT,0.894,1800,false,73,74,TIME_LIMIT,0.894,1800,false,224,225,OPTIMAL,0.894,301,true,62,62,4,0,0,OPTIMAL,0.894,53,true,64,64,0,0,0,OPTIMAL,0.894,186,true,67,67,2,0,0,TIME_LIMIT,NaN,1800,false,OPTIMAL,0.894,0,false,OPTIMAL,0.894,207,true,73,26,7,0,0,OPTIMAL,0.894,23,true,56,20,0,0,0,OPTIMAL,0.894,107,true,88,17,5,0,1,OPTIMAL,0.894,21,true,89,15,0,0,1,OPTIMAL,0.894,133,true,84,15,7,0,1,OPTIMAL,0.894,18,true,71,11,0,0,1,OPTIMAL,0.894,106,true,127,10,7,0,2,OPTIMAL,0.894,23,true,135,10,0,0,1,OPTIMAL,0.894,51,true,161,5,5,0,2,TIME_LIMIT,0.894,1800,false,12497,199,4,0,3,OPTIMAL,0.894,109,true,402,10,5,0,4,OPTIMAL,0.894,1800,true,14572,140,4,0,6,OPTIMAL,0.894,100,true,600,7,5,0,5,TIME_LIMIT,0.894,1800,false,17031,113,4,0,10,OPTIMAL,0.894,178,true,1039,10,5,0,8,TIME_LIMIT,0.894,1800,false,19347,86,5,0,14
iYO844,1800,TIME_LIMIT,0.115,1800,false,TIME_LIMIT,0.118,1800,false,231,232,TIME_LIMIT,0.118,1800,false,515,516,OPTIMAL,0.118,26,true,16,16,1,0,0,OPTIMAL,0.118,8,true,7,7,0,0,0,OPTIMAL,0.118,15,true,6,6,1,0,0,TIME_LIMIT,0.118,1800,false,OPTIMAL,0.118,0,false,OPTIMAL,0.118,17,true,11,6,1,0,0,OPTIMAL,0.118,11,true,14,11,0,0,0,OPTIMAL,0.118,15,true,12,5,1,0,0,OPTIMAL,0.118,7,true,10,4,0,0,0,OPTIMAL,0.118,17,true,20,7,1,0,0,OPTIMAL,0.118,7,true,11,5,0,0,0,OPTIMAL,0.118,21,true,48,8,1,0,0,OPTIMAL,0.118,7,true,16,5,0,0,0,OPTIMAL,0.118,22,true,56,5,2,0,0,OPTIMAL,0.118,9,true,31,6,0,0,0,OPTIMAL,0.118,18,true,63,4,2,0,0,OPTIMAL,0.118,8,true,43,4,0,0,0,OPTIMAL,0.118,14,true,37,1,3,0,1,OPTIMAL,0.118,10,true,132,4,0,0,1,OPTIMAL,0.118,22,true,189,5,1,0,1,OPTIMAL,0.118,49,true,1604,27,0,0,1
iYS1720,1800,TIME_LIMIT,0.0,1800,false,TIME_LIMIT,0.488,1800,false,79,80,TIME_LIMIT,0.488,1800,false,217,218,OPTIMAL,0.488,463,true,70,70,6,0,0,OPTIMAL,0.488,94,true,83,83,1,0,0,OPTIMAL,0.488,487,true,74,74,6,0,0,TIME_LIMIT,NaN,1800,false,OPTIMAL,0.488,0,false,OPTIMAL,0.488,224,true,68,29,6,0,1,OPTIMAL,0.488,44,true,80,36,1,0,0,OPTIMAL,0.488,111,true,93,15,5,0,1,OPTIMAL,0.488,28,true,87,16,1,0,1,OPTIMAL,0.488,128,true,129,12,7,0,2,OPTIMAL,0.488,39,true,101,13,1,0,1,OPTIMAL,0.488,128,true,195,16,5,0,2,OPTIMAL,0.488,73,true,315,23,1,0,2,OPTIMAL,0.488,306,true,624,23,8,0,4,OPTIMAL,0.488,203,true,1079,29,1,0,5,OPTIMAL,0.488,216,true,668,13,7,0,7,OPTIMAL,0.488,1155,true,9086,63,4,0,12,OPTIMAL,0.488,397,true,1542,15,7,0,14,TIME_LIMIT,0.488,1800,false,13593,53,5,0,25,OPTIMAL,0.488,774,true,3054,20,8,0,24,TIME_LIMIT,0.488,1800,false,11820,33,6,0,47
iZ_1308,1800,TIME_LIMIT,0.0,1800,false,TIME_LIMIT,0.982,1800,false,110,111,TIME_LIMIT,0.982,1800,false,225,226,OPTIMAL,0.982,536,true,95,95,5,0,0,OPTIMAL,0.982,83,true,86,86,1,0,0,OPTIMAL,0.982,294,true,83,83,3,0,0,TIME_LIMIT,NaN,1800,false,OPTIMAL,0.982,0,false,OPTIMAL,0.982,207,true,80,33,5,0,0,OPTIMAL,0.982,33,true,81,28,1,0,0,OPTIMAL,0.982,143,true,124,19,6,0,1,OPTIMAL,0.982,22,true,93,14,1,0,0,OPTIMAL,0.982,131,true,120,11,9,0,1,OPTIMAL,0.982,14,true,78,7,1,0,1,OPTIMAL,0.982,183,true,193,17,8,0,2,OPTIMAL,0.982,15,true,109,7,1,0,1,OPTIMAL,0.982,208,true,379,20,6,0,3,OPTIMAL,0.982,69,true,343,18,1,0,2,OPTIMAL,0.982,105,true,314,7,6,0,4,TIME_LIMIT,0.982,1800,false,14458,123,5,0,7,OPTIMAL,0.982,270,true,1086,14,6,0,9,TIME_LIMIT,0.982,1800,false,17020,82,5,0,14,OPTIMAL,0.982,295,true,1154,12,6,0,13,TIME_LIMIT,0.982,1800,false,18403,67,5,0,20
iAF1260b,1800,TIME_LIMIT,0.0,1800,false,ERROR,NaN,,false,,,TIME_LIMIT,0.737,1800,false,286,287,OPTIMAL,0.737,309,true,70,70,4,0,0,OPTIMAL,0.737,48,true,39,39,1,0,0,OPTIMAL,0.737,247,true,54,54,4,0,0,TIME_LIMIT,NaN,1800,false,OPTIMAL,0.737,0,false,OPTIMAL,0.737,98,true,56,21,4,0,0,OPTIMAL,0.737,29,true,43,16,1,0,0,OPTIMAL,0.737,75,true,112,15,3,0,0,OPTIMAL,0.737,16,true,37,6,1,0,0,ERROR,,,,,,,,,ERROR,,,,,,,,,OPTIMAL,0.737,39,true,78,7,3,0,1,OPTIMAL,0.737,15,true,64,5,1,0,1,OPTIMAL,0.737,43,true,154,6,3,0,1,TIME_LIMIT,0.737,1800,false,12341,195,4,0,3,OPTIMAL,0.737,138,true,752,13,5,0,3,TIME_LIMIT,0.737,1800,false,14515,145,5,0,5,OPTIMAL,0.737,231,true,1702,12,8,0,7,ERROR,,,,,,,,,ERROR,,,,,,,,,ERROR,,,,,,,,
iAF987,1800,OPTIMAL,0.047,1376,true,ERROR,NaN,,false,,,TIME_LIMIT,0.047,1800,false,416,417,OPTIMAL,0.047,193,true,39,39,4,0,0,OPTIMAL,0.045,13,true,11,11,0,0,0,OPTIMAL,0.047,105,true,22,22,4,0,0,TIME_LIMIT,0.0,1800,false,OPTIMAL,0.047,0,false,OPTIMAL,0.047,270,true,72,39,5,0,0,OPTIMAL,0.047,12,true,12,7,0,0,0,OPTIMAL,0.047,181,true,73,19,6,0,0,OPTIMAL,0.047,12,true,28,9,0,0,0,ERROR,,,,,,,,,ERROR,,,,,,,,,OPTIMAL,0.047,211,true,366,32,5,0,0,OPTIMAL,0.047,14,true,87,11,0,0,0,OPTIMAL,0.047,58,true,159,9,4,0,0,OPTIMAL,0.047,9,true,27,2,1,0,0,OPTIMAL,0.047,99,true,386,16,3,0,1,OPTIMAL,0.047,101,true,1577,38,1,0,1,OPTIMAL,0.047,77,true,276,7,4,0,1,ERROR,,,,,,,,,ERROR,,,,,,,,,ERROR,,,,,,,,
iAM_Pb448,1800,TIME_LIMIT,0.0,1800,false,ERROR,NaN,,false,,,TIME_LIMIT,0.656,1800,false,325,326,OPTIMAL,0.659,210,true,70,70,2,0,0,OPTIMAL,0.61,67,true,93,93,0,0,0,OPTIMAL,0.659,1676,true,142,142,2,0,0,OPTIMAL,0.659,852,true,OPTIMAL,0.659,0,false,OPTIMAL,0.659,121,true,111,61,1,0,0,OPTIMAL,0.659,37,true,103,55,0,0,0,OPTIMAL,0.659,142,true,146,45,2,0,0,OPTIMAL,0.659,38,true,142,46,1,0,0,ERROR,,,,,,,,,ERROR,,,,,,,,,OPTIMAL,0.659,138,true,179,28,3,0,0,OPTIMAL,0.659,39,true,164,26,1,0,0,OPTIMAL,0.659,148,true,404,25,3,0,0,TIME_LIMIT,NaN,1800,false,939,80,2,0,0,OPTIMAL,0.659,69,true,249,17,2,0,0,OPTIMAL,0.659,240,true,1034,70,2,0,0,OPTIMAL,0.659,154,true,620,19,4,0,1,ERROR,,,,,,,,,ERROR,,,,,,,,,ERROR,,,,,,,,
iAM_Pc455,1800,TIME_LIMIT,0.0,1800,false,ERROR,NaN,,false,,,TIME_LIMIT,0.659,1800,false,330,331,OPTIMAL,0.659,284,true,107,107,1,0,0,ERROR,NaN,,false,,,,,,OPTIMAL,0.659,420,true,97,97,3,0,0,TIME_LIMIT,0.658,1800,false,OPTIMAL,0.659,0,false,OPTIMAL,0.659,130,true,103,52,1,0,0,OPTIMAL,0.659,68,true,111,58,1,0,0,OPTIMAL,0.659,97,true,138,43,1,0,0,OPTIMAL,0.659,43,true,130,37,1,0,0,ERROR,,,,,,,,,ERROR,,,,,,,,,OPTIMAL,0.659,236,true,191,35,3,0,0,OPTIMAL,0.659,47,true,183,30,1,0,0,OPTIMAL,0.659,100,true,194,13,3,0,0,OPTIMAL,0.653,115,true,811,45,1,0,0,OPTIMAL,0.659,178,true,240,20,3,0,0,OPTIMAL,0.659,185,true,1191,53,2,0,0,OPTIMAL,0.659,132,true,311,14,3,0,1,ERROR,,,,,,,,,ERROR,,,,,,,,,ERROR,,,,,,,,
iAM_Pf480,1800,TIME_LIMIT,0.0,1800,false,ERROR,NaN,,false,,,TIME_LIMIT,0.687,1800,false,336,337,OPTIMAL,0.687,327,true,118,118,2,0,0,ERROR,NaN,,false,,,,,,OPTIMAL,0.687,374,true,98,98,2,0,0,TIME_LIMIT,0.0,1800,false,OPTIMAL,0.687,0,false,OPTIMAL,0.687,121,true,94,51,1,0,0,OPTIMAL,0.679,42,true,93,50,1,0,0,OPTIMAL,0.687,80,true,107,25,2,0,0,OPTIMAL,0.687,32,true,119,31,1,0,0,ERROR,,,,,,,,,ERROR,,,,,,,,,OPTIMAL,0.687,271,true,204,29,3,0,0,OPTIMAL,0.687,35,true,174,29,1,0,0,OPTIMAL,0.687,139,true,257,25,2,0,0,OPTIMAL,0.687,42,true,246,35,1,0,0,OPTIMAL,0.687,179,true,337,24,3,0,0,OPTIMAL,0.0,24,true,195,16,0,0,0,OPTIMAL,0.687,333,true,422,27,3,0,1,ERROR,,,,,,,,,ERROR,,,,,,,,,ERROR,,,,,,,,
iAM_Pk459,1800,TIME_LIMIT,0.0,1800,false,ERROR,NaN,,false,,,TIME_LIMIT,0.687,1800,false,394,395,OPTIMAL,0.687,214,true,133,133,1,0,0,OPTIMAL,0.636,41,true,61,61,0,0,0,OPTIMAL,0.686,237,true,90,90,1,0,0,TIME_LIMIT,0.595,1800,false,OPTIMAL,0.687,0,false,OPTIMAL,0.687,277,true,144,78,2,0,0,OPTIMAL,0.664,46,true,112,61,0,0,0,OPTIMAL,0.687,146,true,118,34,2,0,0,OPTIMAL,0.687,37,true,122,41,1,0,0,ERROR,,,,,,,,,ERROR,,,,,,,,,OPTIMAL,0.687,156,true,280,28,3,0,0,OPTIMAL,0.679,35,true,205,28,1,0,0,OPTIMAL,0.687,212,true,281,22,4,0,0,OPTIMAL,0.687,31,true,199,26,1,0,0,OPTIMAL,0.687,106,true,186,15,4,0,0,OPTIMAL,0.687,35,true,238,27,1,0,0,OPTIMAL,0.687,71,true,240,10,3,0,1,ERROR,,,,,,,,,ERROR,,,,,,,,,ERROR,,,,,,,,
iAM_Pv461,1800,OPTIMAL,0.0,29,true,ERROR,NaN,,false,,,TIME_LIMIT,0.687,1800,false,332,333,OPTIMAL,0.687,201,true,108,108,1,0,0,OPTIMAL,0.664,54,true,79,79,0,0,0,OPTIMAL,0.685,397,true,130,130,2,0,0,TIME_LIMIT,0.0,1800,false,OPTIMAL,0.687,0,false,OPTIMAL,0.686,209,true,116,74,2,0,0,OPTIMAL,0.687,44,true,103,67,0,0,0,OPTIMAL,0.687,175,true,109,38,2,0,0,ERROR,,,,,,,,,ERROR,,,,,,,,,ERROR,,,,,,,,,OPTIMAL,0.687,144,true,199,29,2,0,0,OPTIMAL,0.687,27,true,145,22,1,0,0,OPTIMAL,0.687,86,true,223,19,2,0,0,OPTIMAL,0.687,39,true,226,31,1,0,0,OPTIMAL,0.687,112,true,253,20,3,0,0,OPTIMAL,0.0,112,true,835,42,1,0,0,OPTIMAL,0.687,132,true,714,28,2,0,1,ERROR,,,,,,,,,ERROR,,,,,,,,,ERROR,,,,,,,,
iAT_PLT_636,1800,OPTIMAL,0.0,0,true,ERROR,NaN,,false,,,TIME_LIMIT,0.0,1800,false,1280,1281,OPTIMAL,0.0,11,true,2,2,1,0,0,OPTIMAL,0.0,12,true,41,41,0,0,0,OPTIMAL,0.0,14,true,1,1,2,0,1,OPTIMAL,0.0,3,true,OPTIMAL,0.0,0,true,OPTIMAL,0.0,12,true,2,2,1,0,0,OPTIMAL,0.0,10,true,44,23,0,0,0,OPTIMAL,0.0,12,true,2,2,1,0,0,OPTIMAL,0.0,8,true,51,12,0,0,0,ERROR,,,,,,,,,ERROR,,,,,,,,,OPTIMAL,0.0,12,true,2,2,1,0,0,OPTIMAL,0.0,8,true,95,8,0,0,0,OPTIMAL,0.0,12,true,2,2,1,0,0,OPTIMAL,0.0,8,true,111,5,0,0,0,OPTIMAL,0.0,12,true,3,2,1,0,0,OPTIMAL,0.0,9,true,151,5,0,0,0,OPTIMAL,0.0,12,true,5,2,1,0,0,ERROR,,,,,,,,,ERROR,,,,,,,,,ERROR,,,,,,,,
iB21_1397,1800,TIME_LIMIT,0.0,1800,false,ERROR,NaN,,false,,,TIME_LIMIT,0.976,1800,false,287,288,OPTIMAL,0.976,378,true,77,77,4,0,0,OPTIMAL,0.976,66,true,73,73,1,0,0,OPTIMAL,0.976,433,true,76,76,5,0,0,TIME_LIMIT,NaN,1800,false,OPTIMAL,0.976,0,false,OPTIMAL,0.976,194,true,77,31,5,0,0,OPTIMAL,0.976,32,true,77,32,0,0,0,OPTIMAL,0.976,168,true,112,23,6,0,0,OPTIMAL,0.976,29,true,107,17,1,0,0,ERROR,,,,,,,,,ERROR,,,,,,,,,OPTIMAL,0.976,166,true,169,18,6,0,1,OPTIMAL,0.976,34,true,171,13,1,0,1,OPTIMAL,0.976,134,true,221,12,6,0,3,OPTIMAL,0.976,39,true,180,9,1,0,2,OPTIMAL,0.976,150,true,419,11,6,0,4,TIME_LIMIT,0.976,1800,false,12078,113,5,0,8,OPTIMAL,0.976,303,true,1132,17,6,0,9,ERROR,,,,,,,,,ERROR,,,,,,,,,ERROR,,,,,,,,
iBWG_1329,1800,OPTIMAL,0.982,1352,true,ERROR,NaN,,false,,,TIME_LIMIT,0.982,1800,false,308,309,OPTIMAL,0.982,473,true,70,70,6,0,0,OPTIMAL,0.982,100,true,84,84,1,0,0,OPTIMAL,0.982,378,true,69,69,5,0,0,TIME_LIMIT,NaN,1800,false,OPTIMAL,0.982,0,false,OPTIMAL,0.982,259,true,93,30,7,0,0,OPTIMAL,0.982,70,true,163,49,1,0,0,OPTIMAL,0.982,149,true,129,20,6,0,0,OPTIMAL,0.982,28,true,137,18,1,0,0,ERROR,,,,,,,,,ERROR,,,,,,,,,OPTIMAL,0.982,125,true,130,12,8,0,1,OPTIMAL,0.982,34,true,162,12,1,0,1,OPTIMAL,0.982,88,true,312,7,7,0,2,OPTIMAL,0.982,68,true,390,15,1,0,2,OPTIMAL,0.982,174,true,618,11,8,0,4,TIME_LIMIT,0.982,1800,false,12817,104,4,0,9,OPTIMAL,0.982,183,true,485,7,10,0,6,ERROR,,,,,,,,,ERROR,,,,,,,,,ERROR,,,,,,,,
ic_1306,1800,TIME_LIMIT,0.0,1800,false,ERROR,NaN,,false,,,TIME_LIMIT,1.032,1800,false,296,297,OPTIMAL,1.032,530,true,85,85,6,0,0,OPTIMAL,1.032,83,true,82,82,1,0,0,OPTIMAL,1.032,360,true,70,70,4,0,0,TIME_LIMIT,NaN,1800,false,OPTIMAL,1.032,0,false,OPTIMAL,1.032,238,true,88,36,6,0,0,OPTIMAL,1.032,41,true,97,31,1,0,0,OPTIMAL,1.032,175,true,120,21,6,0,1,OPTIMAL,1.032,27,true,96,14,1,0,1,ERROR,,,,,,,,,ERROR,,,,,,,,,OPTIMAL,1.032,115,true,183,11,7,0,1,TIME_LIMIT,1.032,1800,false,5511,173,3,0,2,OPTIMAL,1.032,109,true,267,9,7,0,3,OPTIMAL,1.032,84,true,504,16,1,0,3,OPTIMAL,1.032,324,true,900,22,7,0,6,TIME_LIMIT,1.032,1800,false,9698,71,5,0,10,OPTIMAL,1.032,196,true,630,10,6,0,7,ERROR,,,,,,,,,ERROR,,,,,,,,,ERROR,,,,,,,,
iCHOv1,1800,TIME_LIMIT,NaN,1800,false,ERROR,NaN,,false,,,TIME_LIMIT,0.032,1800,false,123,124,TIME_LIMIT,NaN,1800,false,1,1,976,0,3,ERROR,NaN,,false,,,,,,TIME_LIMIT,NaN,1800,false,15,15,44,0,1,TIME_LIMIT,NaN,1800,false,OPTIMAL,0.032,1,false,TIME_LIMIT,NaN,1800,false,6,1,1018,0,5,ERROR,,,,,,,,,TIME_LIMIT,0.032,1800,false,21,2,1013,0,6,TIME_LIMIT,0.032,1800,false,2916,140,5,0,6,ERROR,,,,,,,,,ERROR,,,,,,,,,TIME_LIMIT,NaN,1800,false,168,3,747,0,14,TIME_LIMIT,0.032,1800,false,4246,72,6,0,17,TIME_LIMIT,NaN,1800,false,276,2,804,0,37,TIME_LIMIT,0.032,1800,false,4761,31,8,0,44,TIME_LIMIT,NaN,1800,false,300,1,980,0,77,TIME_LIMIT,0.032,1800,false,5811,18,9,0,91,TIME_LIMIT,NaN,1800,false,620,1,974,0,153,ERROR,,,,,,,,,ERROR,,,,,,,,,ERROR,,,,,,,,
iCHOv1_DG44,1800,TIME_LIMIT,NaN,1800,false,ERROR,NaN,,false,,,TIME_LIMIT,0.011,1800,false,211,212,TIME_LIMIT,0.011,1800,false,105,106,10,0,0,TIME_LIMIT,0.011,1800,false,778,779,2,0,0,TIME_LIMIT,0.011,1800,false,127,128,12,0,0,TIME_LIMIT,NaN,1800,false,OPTIMAL,0.011,0,false,TIME_LIMIT,0.011,1800,false,253,84,12,0,0,TIME_LIMIT,0.011,1800,false,2117,582,2,0,0,TIME_LIMIT,0.011,1800,false,464,34,24,0,1,TIME_LIMIT,0.011,1800,false,4066,285,4,0,1,ERROR,,,,,,,,,ERROR,,,,,,,,,TIME_LIMIT,0.011,1800,false,1400,33,28,0,3,TIME_LIMIT,0.011,1800,false,6496,140,6,0,4,TIME_LIMIT,0.011,1800,false,2338,22,45,0,6,TIME_LIMIT,0.011,1800,false,9006,77,9,0,7,TIME_LIMIT,0.011,1800,false,3403,22,33,0,11,TIME_LIMIT,0.011,1800,false,10821,59,8,0,15,TIME_LIMIT,0.011,1800,false,2781,11,67,0,30,ERROR,,,,,,,,,ERROR,,,,,,,,,ERROR,,,,,,,,
iCN718,1800,OPTIMAL,1.314,617,true,ERROR,NaN,,false,,,TIME_LIMIT,1.314,1800,false,368,369,INFEASIBLE,NaN,0,false,5,5,1,0,0,INFEASIBLE,NaN,0,false,4,4,0,0,0,INFEASIBLE,NaN,0,false,5,5,1,0,0,INFEASIBLE,NaN,0,false,OPTIMAL,1.314,0,false,INFEASIBLE,NaN,0,false,3,2,1,0,0,INFEASIBLE,NaN,0,false,5,3,0,0,0,INFEASIBLE,NaN,0,false,9,2,1,0,0,INFEASIBLE,NaN,0,false,10,2,0,0,0,ERROR,,,,,,,,,ERROR,,,,,,,,,INFEASIBLE,NaN,0,false,19,2,1,0,1,INFEASIBLE,NaN,0,false,23,2,0,0,1,INFEASIBLE,NaN,0,false,32,2,1,0,1,INFEASIBLE,NaN,0,false,40,2,0,0,1,INFEASIBLE,NaN,0,false,48,2,1,0,2,INFEASIBLE,NaN,0,false,52,2,0,0,1,INFEASIBLE,NaN,0,false,63,2,1,0,2,ERROR,,,,,,,,,ERROR,,,,,,,,,ERROR,,,,,,,,
iE2348C_1286,1800,TIME_LIMIT,0.976,1800,false,ERROR,NaN,,false,,,TIME_LIMIT,0.982,1800,false,229,230,OPTIMAL,0.982,465,true,71,71,5,0,0,OPTIMAL,0.982,89,true,84,84,1,0,0,OPTIMAL,0.982,302,true,87,87,3,0,0,TIME_LIMIT,NaN,1800,false,OPTIMAL,0.982,0,false,OPTIMAL,0.982,188,true,73,22,7,0,0,OPTIMAL,0.982,31,true,84,27,1,0,0,OPTIMAL,0.982,93,true,84,12,6,0,1,OPTIMAL,0.982,30,true,120,18,1,0,0,ERROR,,,,,,,,,ERROR,,,,,,,,,OPTIMAL,0.982,103,true,146,10,7,0,1,OPTIMAL,0.982,20,true,109,6,1,0,1,OPTIMAL,0.982,106,true,352,9,6,0,3,OPTIMAL,0.982,37,true,202,7,1,0,2,OPTIMAL,0.982,170,true,544,12,6,0,5,TIME_LIMIT,0.982,1800,false,8381,69,4,0,8,OPTIMAL,0.982,230,true,758,11,6,0,9,ERROR,,,,,,,,,ERROR,,,,,,,,,ERROR,,,,,,,,
iEC042_1314,1800,TIME_LIMIT,0.977,1800,false,ERROR,NaN,,false,,,TIME_LIMIT,0.982,1800,false,202,203,OPTIMAL,0.982,392,true,71,71,5,0,0,OPTIMAL,0.982,93,true,78,78,1,0,0,OPTIMAL,0.982,198,true,56,56,3,0,0,TIME_LIMIT,NaN,1800,false,OPTIMAL,0.982,0,false,OPTIMAL,0.982,238,true,94,39,5,0,0,OPTIMAL,0.982,30,true,75,22,1,0,0,OPTIMAL,0.982,102,true,99,15,5,0,1,OPTIMAL,0.982,18,true,81,10,1,0,1,ERROR,,,,,,,,,ERROR,,,,,,,,,OPTIMAL,0.982,160,true,253,21,5,0,1,OPTIMAL,0.982,25,true,116,9,1,0,1,OPTIMAL,0.982,155,true,332,15,5,0,3,OPTIMAL,0.982,57,true,419,12,1,0,3,OPTIMAL,0.982,220,true,702,16,6,0,5,OPTIMAL,0.982,45,true,259,6,1,0,3,OPTIMAL,0.982,319,true,1656,17,6,0,9,ERROR,,,,,,,,,ERROR,,,,,,,,,ERROR,,,,,,,,
iEC1344_C,1800,TIME_LIMIT,0.0,1800,false,ERROR,NaN,,false,,,TIME_LIMIT,0.982,1800,false,212,213,OPTIMAL,0.982,398,true,64,64,6,0,0,OPTIMAL,0.982,65,true,69,69,1,0,0,OPTIMAL,0.982,377,true,67,67,5,0,0,TIME_LIMIT,NaN,1800,false,OPTIMAL,0.982,0,false,OPTIMAL,0.982,173,true,63,29,5,0,0,OPTIMAL,0.982,32,true,82,26,1,0,0,OPTIMAL,0.982,129,true,82,21,5,0,0,OPTIMAL,0.982,36,true,139,24,1,0,0,ERROR,,,,,,,,,ERROR,,,,,,,,,OPTIMAL,0.982,114,true,271,16,5,0,1,OPTIMAL,0.982,28,true,150,11,1,0,1,OPTIMAL,0.982,177,true,499,18,5,0,3,TIME_LIMIT,0.982,1800,false,7167,114,3,0,4,OPTIMAL,0.982,139,true,374,12,5,0,4,TIME_LIMIT,0.982,1800,false,9164,87,4,0,7,OPTIMAL,0.982,370,true,1107,21,5,0,9,ERROR,,,,,,,,,ERROR,,,,,,,,,ERROR,,,,,,,,
iEC1349_Crooks,1800,TIME_LIMIT,0.96,1800,false,ERROR,NaN,,false,,,TIME_LIMIT,0.987,1800,false,270,271,OPTIMAL,0.987,409,true,60,60,6,0,0,OPTIMAL,0.987,61,true,69,69,0,0,0,OPTIMAL,0.987,196,true,58,58,3,0,0,TIME_LIMIT,NaN,1800,false,OPTIMAL,0.987,0,false,OPTIMAL,0.987,164,true,73,27,5,0,0,OPTIMAL,0.987,31,true,74,25,1,0,0,OPTIMAL,0.987,138,true,118,20,5,0,1,OPTIMAL,0.987,31,true,120,17,1,0,0,ERROR,,,,,,,,,ERROR,,,,,,,,,OPTIMAL,0.987,137,true,184,13,7,0,2,OPTIMAL,0.987,28,true,133,9,1,0,1,OPTIMAL,0.987,120,true,265,10,6,0,3,OPTIMAL,0.987,48,true,279,9,1,0,3,OPTIMAL,0.987,190,true,509,13,6,0,6,TIME_LIMIT,0.987,1800,false,11967,94,6,0,9,OPTIMAL,0.987,221,true,953,10,6,0,9,ERROR,,,,,,,,,ERROR,,,,,,,,,ERROR,,,,,,,,
iEC1356_Bl21DE3,1800,TIME_LIMIT,0.0,1800,false,ERROR,NaN,,false,,,TIME_LIMIT,0.977,1800,false,281,282,OPTIMAL,0.977,350,true,66,66,5,0,0,OPTIMAL,0.977,71,true,71,71,1,0,0,OPTIMAL,0.977,216,true,66,66,3,0,0,TIME_LIMIT,NaN,1800,false,OPTIMAL,0.977,0,false,OPTIMAL,0.977,177,true,66,25,6,0,0,OPTIMAL,0.977,33,true,82,25,1,0,0,OPTIMAL,0.977,127,true,102,17,6,0,1,OPTIMAL,0.977,28,true,98,17,1,0,0,ERROR,,,,,,,,,ERROR,,,,,,,,,OPTIMAL,0.977,102,true,157,12,6,0,1,OPTIMAL,0.977,29,true,126,11,1,0,1,OPTIMAL,0.977,110,true,307,11,5,0,3,TIME_LIMIT,0.977,1800,false,6399,93,4,0,5,OPTIMAL,0.977,262,true,744,19,6,0,5,TIME_LIMIT,0.977,1800,false,9810,69,5,0,9,OPTIMAL,0.977,186,true,875,9,6,0,8,ERROR,,,,,,,,,ERROR,,,,,,,,,ERROR,,,,,,,,
iEC1364_W,1800,TIME_LIMIT,0.0,1800,false,ERROR,NaN,,false,,,TIME_LIMIT,0.985,1800,false,315,316,OPTIMAL,0.985,495,true,77,77,6,0,0,OPTIMAL,0.985,66,true,66,66,1,0,0,OPTIMAL,0.985,310,true,70,70,4,0,0,TIME_LIMIT,NaN,1800,false,OPTIMAL,0.985,0,false,OPTIMAL,0.985,269,true,83,32,7,0,0,OPTIMAL,0.985,34,true,78,25,1,0,0,OPTIMAL,0.985,127,true,101,14,7,0,1,OPTIMAL,0.985,22,true,79,12,1,0,0,ERROR,,,,,,,,,ERROR,,,,,,,,,OPTIMAL,0.985,122,true,155,13,7,0,1,OPTIMAL,0.985,28,true,105,10,1,0,1,OPTIMAL,0.985,89,true,212,8,6,0,2,OPTIMAL,0.985,41,true,157,8,1,0,2,OPTIMAL,0.985,142,true,445,9,8,0,4,OPTIMAL,0.985,95,true,371,12,1,0,5,OPTIMAL,0.985,338,true,1019,17,7,0,9,ERROR,,,,,,,,,ERROR,,,,,,,,,ERROR,,,,,,,,
iEC1368_DH5a,1800,TIME_LIMIT,0.0,1800,false,ERROR,NaN,,false,,,TIME_LIMIT,0.982,1800,false,279,280,OPTIMAL,0.982,394,true,75,75,5,0,0,OPTIMAL,0.982,56,true,67,67,0,0,0,OPTIMAL,0.982,266,true,75,75,3,0,0,TIME_LIMIT,NaN,1800,false,OPTIMAL,0.982,0,false,OPTIMAL,0.982,232,true,69,41,5,0,0,OPTIMAL,0.982,45,true,79,45,0,0,0,OPTIMAL,0.982,113,true,82,17,5,0,0,OPTIMAL,0.982,30,true,101,19,1,0,0,ERROR,,,,,,,,,ERROR,,,,,,,,,OPTIMAL,0.982,85,true,122,9,6,0,1,OPTIMAL,0.982,36,true,172,13,1,0,1,OPTIMAL,0.982,121,true,217,10,7,0,3,TIME_LIMIT,0.982,1800,false,9015,136,5,0,4,OPTIMAL,0.982,58,true,224,4,5,0,3,TIME_LIMIT,0.982,1800,false,12095,96,5,0,9,OPTIMAL,0.982,235,true,998,13,6,0,8,ERROR,,,,,,,,,ERROR,,,,,,,,,ERROR,,,,,,,,
iEC1372_W3110,1800,TIME_LIMIT,0.0,1800,false,ERROR,NaN,,false,,,TIME_LIMIT,0.982,1800,false,307,308,OPTIMAL,0.982,400,true,64,64,6,0,0,OPTIMAL,0.982,58,true,69,69,0,0,0,OPTIMAL,0.982,248,true,62,62,3,0,0,TIME_LIMIT,NaN,1800,false,OPTIMAL,0.982,0,false,OPTIMAL,0.982,145,true,75,23,5,0,0,OPTIMAL,0.982,38,true,90,28,1,0,0,OPTIMAL,0.982,110,true,91,14,6,0,0,OPTIMAL,0.982,27,true,103,16,1,0,0,ERROR,,,,,,,,,ERROR,,,,,,,,,OPTIMAL,0.982,93,true,127,9,7,0,1,OPTIMAL,0.982,64,true,256,23,1,0,1,OPTIMAL,0.982,153,true,364,13,7,0,3,OPTIMAL,0.982,61,true,374,11,1,0,3,OPTIMAL,0.982,201,true,751,13,7,0,5,TIME_LIMIT,0.982,1800,false,12864,112,3,0,9,OPTIMAL,0.982,189,true,808,10,6,0,7,ERROR,,,,,,,,,ERROR,,,,,,,,,ERROR,,,,,,,,
iEC55989_1330,1800,TIME_LIMIT,0.0,1800,false,ERROR,NaN,,false,,,TIME_LIMIT,0.982,1800,false,277,278,OPTIMAL,0.982,369,true,65,65,5,0,0,OPTIMAL,0.982,85,true,82,82,1,0,0,OPTIMAL,0.982,330,true,83,83,3,0,0,TIME_LIMIT,NaN,1800,false,OPTIMAL,0.982,0,false,OPTIMAL,0.982,180,true,75,23,6,0,0,OPTIMAL,0.982,27,true,74,24,0,0,0,OPTIMAL,0.982,144,true,89,17,7,0,0,OPTIMAL,0.982,36,true,113,25,1,0,0,ERROR,,,,,,,,,ERROR,,,,,,,,,OPTIMAL,0.982,94,true,104,10,6,0,1,OPTIMAL,0.982,21,true,102,8,1,0,1,OPTIMAL,0.982,177,true,389,15,7,0,3,TIME_LIMIT,0.982,1800,false,10086,164,4,0,4,OPTIMAL,0.982,111,true,255,7,7,0,3,TIME_LIMIT,0.982,1800,false,13068,121,5,0,7,OPTIMAL,0.982,193,true,519,9,7,0,6,ERROR,,,,,,,,,ERROR,,,,,,,,,ERROR,,,,,,,,
iECABU_c1320,1800,TIME_LIMIT,0.0,1800,false,ERROR,NaN,,false,,,TIME_LIMIT,0.982,1800,false,280,281,OPTIMAL,0.982,459,true,81,81,5,0,0,OPTIMAL,0.982,61,true,72,72,0,0,0,OPTIMAL,0.982,306,true,78,78,3,0,0,TIME_LIMIT,NaN,1800,false,OPTIMAL,0.982,0,false,OPTIMAL,0.982,210,true,77,33,5,0,0,OPTIMAL,0.982,35,true,89,29,1,0,0,OPTIMAL,0.982,104,true,99,14,6,0,1,OPTIMAL,0.982,40,true,98,18,1,0,1,ERROR,,,,,,,,,ERROR,,,,,,,,,OPTIMAL,0.982,125,true,202,15,6,0,1,TIME_LIMIT,0.982,1800,false,6638,239,4,0,2,OPTIMAL,0.982,114,true,382,11,6,0,2,TIME_LIMIT,0.982,1800,false,9588,149,5,0,4,OPTIMAL,0.982,130,true,313,7,8,0,4,OPTIMAL,0.982,76,true,465,11,1,0,4,OPTIMAL,0.982,172,true,890,10,6,0,7,ERROR,,,,,,,,,ERROR,,,,,,,,,ERROR,,,,,,,,
iECBD_1354,1800,TIME_LIMIT,0.0,1800,false,ERROR,NaN,,false,,,TIME_LIMIT,0.976,1800,false,294,295,OPTIMAL,0.976,383,true,73,73,5,0,0,OPTIMAL,0.976,87,true,90,90,1,0,0,OPTIMAL,0.976,276,true,71,71,3,0,0,TIME_LIMIT,NaN,1800,false,OPTIMAL,0.976,0,false,OPTIMAL,0.976,260,true,77,30,7,0,0,OPTIMAL,0.976,37,true,98,31,1,0,0,OPTIMAL,0.976,137,true,92,14,8,0,1,OPTIMAL,0.976,24,true,89,15,1,0,0,ERROR,,,,,,,,,ERROR,,,,,,,,,OPTIMAL,0.976,180,true,208,16,8,0,2,OPTIMAL,0.976,24,true,126,9,1,0,1,OPTIMAL,0.976,96,true,275,9,6,0,3,OPTIMAL,0.976,67,true,364,17,1,0,2,OPTIMAL,0.976,83,true,255,6,6,0,3,TIME_LIMIT,0.976,1800,false,9097,91,4,0,7,OPTIMAL,0.976,171,true,1225,10,5,0,7,ERROR,,,,,,,,,ERROR,,,,,,,,,ERROR,,,,,,,,
iECD_1391,1800,TIME_LIMIT,0.903,1800,false,ERROR,NaN,,false,,,TIME_LIMIT,0.976,1800,false,283,284,OPTIMAL,0.976,472,true,85,85,5,0,0,OPTIMAL,0.976,69,true,75,75,1,0,0,OPTIMAL,0.976,283,true,82,82,3,0,0,TIME_LIMIT,NaN,1800,false,OPTIMAL,0.976,0,false,OPTIMAL,0.976,239,true,83,38,5,0,0,OPTIMAL,0.976,30,true,77,27,0,0,0,OPTIMAL,0.976,276,true,130,40,6,0,0,OPTIMAL,0.976,25,true,90,19,1,0,0,ERROR,,,,,,,,,ERROR,,,,,,,,,OPTIMAL,0.976,93,true,139,7,7,0,1,OPTIMAL,0.976,29,true,139,12,1,0,1,OPTIMAL,0.976,117,true,313,12,5,0,2,TIME_LIMIT,0.976,1800,false,10333,137,5,0,4,OPTIMAL,0.976,129,true,417,11,4,0,4,OPTIMAL,0.976,80,true,329,12,1,0,4,OPTIMAL,0.976,374,true,2252,23,5,0,8,ERROR,,,,,,,,,ERROR,,,,,,,,,ERROR,,,,,,,,
iECDH10B_1368,1800,TIME_LIMIT,0.0,1800,false,ERROR,NaN,,false,,,TIME_LIMIT,1.037,1800,false,301,302,OPTIMAL,1.037,549,true,77,77,6,0,0,OPTIMAL,1.037,78,true,75,75,1,0,0,OPTIMAL,1.037,215,true,55,55,3,0,0,TIME_LIMIT,NaN,1800,false,OPTIMAL,1.037,0,false,OPTIMAL,1.037,261,true,83,26,9,0,0,OPTIMAL,1.037,57,true,144,47,1,0,0,OPTIMAL,1.037,171,true,89,13,10,0,1,OPTIMAL,1.037,29,true,103,15,1,0,1,ERROR,,,,,,,,,ERROR,,,,,,,,,OPTIMAL,1.037,162,true,217,13,9,0,1,OPTIMAL,1.037,27,true,116,9,1,0,1,OPTIMAL,1.037,147,true,293,12,8,0,2,TIME_LIMIT,1.037,1800,false,8180,120,4,0,4,OPTIMAL,1.037,224,true,422,13,8,0,4,OPTIMAL,1.037,46,true,199,6,1,0,3,OPTIMAL,1.037,343,true,989,20,7,0,8,ERROR,,,,,,,,,ERROR,,,,,,,,,ERROR,,,,,,,,
iEcDH1_1363,1800,TIME_LIMIT,0.982,1800,false,ERROR,NaN,,false,,,TIME_LIMIT,0.982,1800,false,266,267,OPTIMAL,0.982,435,true,78,78,5,0,0,OPTIMAL,0.982,66,true,71,71,1,0,0,OPTIMAL,0.982,299,true,82,82,3,0,0,TIME_LIMIT,NaN,1800,false,OPTIMAL,0.982,0,false,OPTIMAL,0.982,285,true,90,46,5,0,0,OPTIMAL,0.982,37,true,82,30,1,0,0,OPTIMAL,0.982,172,true,95,27,5,0,0,OPTIMAL,0.982,24,true,84,16,1,0,0,ERROR,,,,,,,,,ERROR,,,,,,,,,OPTIMAL,0.982,72,true,138,8,5,0,1,TIME_LIMIT,0.982,1800,false,7579,219,4,0,2,OPTIMAL,0.982,178,true,228,9,12,0,4,TIME_LIMIT,0.982,1800,false,10632,147,5,0,4,OPTIMAL,0.982,185,true,317,8,11,0,6,TIME_LIMIT,0.982,1800,false,12333,108,5,0,8,OPTIMAL,0.982,192,true,711,11,6,0,7,ERROR,,,,,,,,,ERROR,,,,,,,,,ERROR,,,,,,,,
iECDH1ME8569_1439,1800,TIME_LIMIT,0.0,1800,false,ERROR,NaN,,false,,,TIME_LIMIT,0.982,1800,false,268,269,OPTIMAL,0.982,471,true,83,83,5,0,0,OPTIMAL,0.982,72,true,78,78,1,0,0,OPTIMAL,0.982,312,true,80,80,3,0,0,TIME_LIMIT,NaN,1800,false,OPTIMAL,0.982,0,false,OPTIMAL,0.982,399,true,83,31,11,0,0,OPTIMAL,0.982,31,true,83,25,1,0,0,OPTIMAL,0.982,181,true,90,14,10,0,1,OPTIMAL,0.982,19,true,70,10,1,0,0,ERROR,,,,,,,,,ERROR,,,,,,,,,OPTIMAL,0.982,165,true,135,11,10,0,2,OPTIMAL,0.982,39,true,158,14,1,0,1,OPTIMAL,0.982,266,true,309,18,9,0,3,OPTIMAL,0.982,25,true,128,5,1,0,2,OPTIMAL,0.982,201,true,492,14,7,0,5,TIME_LIMIT,0.982,1800,false,12757,109,5,0,8,OPTIMAL,0.982,228,true,1335,14,5,0,7,ERROR,,,,,,,,,ERROR,,,,,,,,,ERROR,,,,,,,,
iEcE24377_1341,1800,TIME_LIMIT,0.0,1800,false,ERROR,NaN,,false,,,TIME_LIMIT,0.982,1800,false,265,266,OPTIMAL,0.982,470,true,77,77,5,0,0,OPTIMAL,0.982,70,true,76,76,1,0,0,OPTIMAL,0.982,266,true,78,78,3,0,0,TIME_LIMIT,NaN,1800,false,OPTIMAL,0.982,0,false,OPTIMAL,0.982,322,true,111,58,5,0,0,OPTIMAL,0.982,39,true,88,33,1,0,0,OPTIMAL,0.982,111,true,86,16,5,0,0,OPTIMAL,0.982,36,true,107,19,1,0,0,ERROR,,,,,,,,,ERROR,,,,,,,,,OPTIMAL,0.982,125,true,261,16,5,0,1,OPTIMAL,0.982,22,true,93,8,1,0,1,OPTIMAL,0.982,103,true,224,10,6,0,2,OPTIMAL,0.982,44,true,213,9,1,0,2,OPTIMAL,0.982,143,true,328,10,6,0,4,TIME_LIMIT,0.982,1800,false,11756,105,5,0,8,OPTIMAL,0.982,239,true,1304,13,5,0,8,ERROR,,,,,,,,,ERROR,,,,,,,,,ERROR,,,,,,,,
iECED1_1282,1800,TIME_LIMIT,0.0,1800,false,ERROR,NaN,,false,,,TIME_LIMIT,0.982,1800,false,222,223,OPTIMAL,0.982,498,true,82,82,5,0,0,OPTIMAL,0.982,59,true,69,69,0,0,0,OPTIMAL,0.982,319,true,71,71,3,0,0,TIME_LIMIT,NaN,1800,false,OPTIMAL,0.982,0,false,OPTIMAL,0.982,213,true,85,44,4,0,0,OPTIMAL,0.982,59,true,114,47,1,0,0,OPTIMAL,0.982,78,true,103,12,5,0,1,TIME_LIMIT,0.982,1800,false,4111,357,3,0,1,ERROR,,,,,,,,,ERROR,,,,,,,,,OPTIMAL,0.982,90,true,129,8,7,0,1,TIME_LIMIT,0.982,1800,false,6223,234,4,0,1,OPTIMAL,0.982,114,true,272,11,6,0,3,OPTIMAL,0.982,53,true,239,12,1,0,2,OPTIMAL,0.982,115,true,315,8,6,0,4,TIME_LIMIT,0.982,1800,false,12869,113,4,0,8,OPTIMAL,0.982,235,true,956,14,5,0,8,ERROR,,,,,,,,,ERROR,,,,,,,,,ERROR,,,,,,,,
iECH74115_1262,1800,TIME_LIMIT,0.0,1800,false,ERROR,NaN,,false,,,TIME_LIMIT,0.982,1800,false,245,246,OPTIMAL,0.982,294,true,54,54,5,0,0,OPTIMAL,0.982,65,true,68,68,1,0,0,OPTIMAL,0.982,266,true,70,70,3,0,0,TIME_LIMIT,NaN,1800,false,OPTIMAL,0.982,0,false,OPTIMAL,0.982,174,true,72,29,5,0,0,OPTIMAL,0.982,26,true,74,22,0,0,0,OPTIMAL,0.982,117,true,99,17,5,0,0,OPTIMAL,0.982,20,true,80,12,1,0,0,ERROR,,,,,,,,,ERROR,,,,,,,,,OPTIMAL,0.982,99,true,146,12,6,0,1,OPTIMAL,0.982,16,true,86,5,1,0,1,OPTIMAL,0.982,70,true,264,8,4,0,2,OPTIMAL,0.982,71,true,339,15,1,0,3,OPTIMAL,0.982,89,true,399,6,6,0,3,OPTIMAL,0.982,101,true,795,13,1,0,5,OPTIMAL,0.982,125,true,940,8,4,0,6,ERROR,,,,,,,,,ERROR,,,,,,,,,ERROR,,,,,,,,
iEcHS_1320,1800,TIME_LIMIT,0.0,1800,false,ERROR,NaN,,false,,,TIME_LIMIT,0.982,1800,false,216,217,OPTIMAL,0.982,382,true,72,72,5,0,0,OPTIMAL,0.982,86,true,60,60,1,0,0,OPTIMAL,0.982,253,true,71,71,3,0,0,TIME_LIMIT,0.0,1800,false,OPTIMAL,0.982,0,false,OPTIMAL,0.982,209,true,72,34,5,0,0,OPTIMAL,0.982,31,true,67,25,1,0,0,OPTIMAL,0.982,148,true,100,19,6,0,1,OPTIMAL,0.982,18,true,72,10,0,0,0,ERROR,,,,,,,,,ERROR,,,,,,,,,OPTIMAL,0.982,125,true,166,13,7,0,1,OPTIMAL,0.982,24,true,125,8,1,0,1,OPTIMAL,0.982,136,true,315,12,7,0,3,OPTIMAL,0.982,38,true,186,8,1,0,2,OPTIMAL,0.982,109,true,325,8,6,0,4,OPTIMAL,0.982,55,true,239,7,1,0,4,OPTIMAL,0.982,150,true,527,9,5,0,7,ERROR,,,,,,,,,ERROR,,,,,,,,,ERROR,,,,,,,,
iECIAI1_1343,1800,TIME_LIMIT,20.415,1800,false,ERROR,NaN,,false,,,TIME_LIMIT,20.522,1800,false,233,234,OPTIMAL,20.522,1735,true,219,219,7,0,0,OPTIMAL,20.522,131,true,80,80,1,0,0,OPTIMAL,20.522,331,true,77,77,4,0,0,TIME_LIMIT,NaN,1800,false,OPTIMAL,20.522,0,false,OPTIMAL,20.522,260,true,76,41,5,0,0,OPTIMAL,20.522,66,true,93,49,1,0,0,OPTIMAL,20.522,163,true,120,20,6,0,1,OPTIMAL,20.522,45,true,113,19,1,0,1,ERROR,,,,,,,,,ERROR,,,,,,,,,OPTIMAL,20.522,133,true,258,14,6,0,1,TIME_LIMIT,20.522,1800,false,5149,172,4,0,2,OPTIMAL,20.522,133,true,283,11,7,0,3,TIME_LIMIT,20.522,1800,false,6407,91,4,0,6,OPTIMAL,20.522,255,true,732,17,7,0,6,OPTIMAL,20.522,65,true,404,7,1,0,4,OPTIMAL,20.522,245,true,880,11,7,0,9,ERROR,,,,,,,,,ERROR,,,,,,,,,ERROR,,,,,,,,
iECIAI39_1322,1800,TIME_LIMIT,0.577,1800,false,ERROR,NaN,,false,,,TIME_LIMIT,0.983,1800,false,222,223,OPTIMAL,0.983,429,true,87,87,4,0,0,OPTIMAL,0.983,146,true,87,87,1,0,0,OPTIMAL,0.983,276,true,81,81,3,0,0,TIME_LIMIT,NaN,1800,false,OPTIMAL,0.983,0,false,OPTIMAL,0.983,338,true,105,53,5,0,0,OPTIMAL,0.983,32,true,83,31,0,0,0,OPTIMAL,0.983,149,true,142,23,5,0,0,OPTIMAL,0.983,35,true,109,18,1,0,0,ERROR,,,,,,,,,ERROR,,,,,,,,,OPTIMAL,0.983,112,true,182,15,5,0,1,OPTIMAL,0.983,39,true,146,16,1,0,1,OPTIMAL,0.983,94,true,213,10,5,0,2,TIME_LIMIT,0.983,1800,false,9825,172,5,0,3,OPTIMAL,0.983,112,true,350,9,5,0,4,TIME_LIMIT,0.983,1800,false,13706,120,5,0,7,OPTIMAL,0.983,144,true,687,8,6,0,6,ERROR,,,,,,,,,ERROR,,,,,,,,,ERROR,,,,,,,,
iECNA114_1301,1800,TIME_LIMIT,0.0,1800,false,ERROR,NaN,,false,,,TIME_LIMIT,0.982,1800,false,228,229,OPTIMAL,0.982,392,true,73,73,5,0,0,OPTIMAL,0.982,115,true,78,78,1,0,0,OPTIMAL,0.982,263,true,67,67,3,0,0,TIME_LIMIT,NaN,1800,false,OPTIMAL,0.982,0,false,OPTIMAL,0.982,225,true,79,36,5,0,0,OPTIMAL,0.982,29,true,77,25,0,0,0,OPTIMAL,0.982,124,true,94,15,6,0,1,OPTIMAL,0.982,21,true,88,13,1,0,0,ERROR,,,,,,,,,ERROR,,,,,,,,,OPTIMAL,0.982,102,true,192,12,6,0,1,OPTIMAL,0.982,27,true,120,10,1,0,1,OPTIMAL,0.982,131,true,269,12,6,0,2,TIME_LIMIT,0.982,1800,false,9438,142,5,0,4,OPTIMAL,0.982,92,true,301,6,6,0,4,TIME_LIMIT,0.982,1800,false,12409,106,5,0,8,OPTIMAL,0.982,172,true,570,9,6,0,7,ERROR,,,,,,,,,ERROR,,,,,,,,,ERROR,,,,,,,,
iECO103_1326,1800,TIME_LIMIT,0.0,1800,false,ERROR,NaN,,false,,,TIME_LIMIT,0.982,1800,false,226,227,OPTIMAL,0.982,385,true,68,68,5,0,0,OPTIMAL,0.982,127,true,80,80,1,0,0,OPTIMAL,0.982,314,true,81,81,3,0,0,TIME_LIMIT,NaN,1800,false,OPTIMAL,0.982,0,false,OPTIMAL,0.982,282,true,105,39,6,0,0,OPTIMAL,0.982,25,true,78,22,0,0,0,OPTIMAL,0.982,114,true,91,15,6,0,1,OPTIMAL,0.982,20,true,88,13,1,0,0,ERROR,,,,,,,,,ERROR,,,,,,,,,OPTIMAL,0.982,132,true,160,16,6,0,1,OPTIMAL,0.982,27,true,111,11,1,0,1,OPTIMAL,0.982,158,true,241,12,7,0,2,TIME_LIMIT,0.982,1800,false,9531,162,5,0,4,OPTIMAL,0.982,163,true,345,11,7,0,4,OPTIMAL,0.982,127,true,611,17,1,0,5,OPTIMAL,0.982,203,true,760,11,5,0,8,ERROR,,,,,,,,,ERROR,,,,,,,,,ERROR,,,,,,,,
iECO111_1330,1800,TIME_LIMIT,0.0,1800,false,ERROR,NaN,,false,,,TIME_LIMIT,0.982,1800,false,223,224,OPTIMAL,0.982,477,true,90,90,5,0,0,OPTIMAL,0.982,143,true,87,87,1,0,0,OPTIMAL,0.982,276,true,75,75,3,0,0,TIME_LIMIT,NaN,1800,false,OPTIMAL,0.982,0,false,OPTIMAL,0.982,188,true,74,30,5,0,0,OPTIMAL,0.982,31,true,88,25,1,0,0,OPTIMAL,0.982,159,true,115,20,6,0,1,OPTIMAL,0.982,17,true,77,10,0,0,0,ERROR,,,,,,,,,ERROR,,,,,,,,,OPTIMAL,0.982,101,true,150,11,6,0,1,OPTIMAL,0.982,25,true,114,9,1,0,1,OPTIMAL,0.982,107,true,262,10,6,0,2,OPTIMAL,0.982,41,true,166,9,1,0,2,OPTIMAL,0.982,330,true,1117,25,6,0,5,TIME_LIMIT,0.982,1800,false,12649,108,5,0,8,OPTIMAL,0.982,404,true,2185,23,5,0,9,ERROR,,,,,,,,,ERROR,,,,,,,,,ERROR,,,,,,,,
iECO26_1355,1800,TIME_LIMIT,0.0,1800,false,ERROR,NaN,,false,,,TIME_LIMIT,0.982,1800,false,248,249,OPTIMAL,0.982,558,true,94,94,5,0,0,OPTIMAL,0.982,162,true,93,93,1,0,0,OPTIMAL,0.982,282,true,75,75,3,0,0,TIME_LIMIT,NaN,1800,false,OPTIMAL,0.982,0,false,OPTIMAL,0.982,323,true,101,49,6,0,0,OPTIMAL,0.982,27,true,70,26,0,0,0,OPTIMAL,0.982,119,true,91,16,6,0,0,OPTIMAL,0.982,20,true,88,13,0,0,0,ERROR,,,,,,,,,ERROR,,,,,,,,,OPTIMAL,0.982,120,true,181,14,6,0,1,OPTIMAL,0.982,29,true,129,11,1,0,1,OPTIMAL,0.982,124,true,324,13,5,0,2,OPTIMAL,0.982,29,true,145,6,1,0,2,OPTIMAL,0.982,167,true,435,12,7,0,4,TIME_LIMIT,0.982,1800,false,13148,113,5,0,8,OPTIMAL,0.982,197,true,766,10,7,0,7,ERROR,,,,,,,,,ERROR,,,,,,,,,ERROR,,,,,,,,
iECOK1_1307,1800,TIME_LIMIT,0.0,1800,false,ERROR,NaN,,false,,,TIME_LIMIT,0.982,1800,false,277,278,OPTIMAL,0.982,640,true,103,103,6,0,0,OPTIMAL,0.982,145,true,86,86,1,0,0,OPTIMAL,0.982,341,true,85,85,3,0,0,TIME_LIMIT,NaN,1800,false,OPTIMAL,0.982,0,false,OPTIMAL,0.982,342,true,98,50,6,0,0,OPTIMAL,0.982,49,true,102,44,1,0,0,OPTIMAL,0.982,147,true,109,20,6,0,0,OPTIMAL,0.982,31,true,109,18,1,0,0,ERROR,,,,,,,,,ERROR,,,,,,,,,OPTIMAL,0.982,192,true,315,18,7,0,2,OPTIMAL,0.982,54,true,256,19,1,0,1,OPTIMAL,0.982,116,true,280,10,6,0,3,TIME_LIMIT,0.982,1800,false,10020,153,5,0,4,OPTIMAL,0.982,133,true,430,8,7,0,4,TIME_LIMIT,0.982,1800,false,12757,100,6,0,8,OPTIMAL,0.982,150,true,689,8,7,0,6,ERROR,,,,,,,,,ERROR,,,,,,,,,ERROR,,,,,,,,
iEcolC_1368,1800,TIME_LIMIT,0.0,1800,false,ERROR,NaN,,false,,,TIME_LIMIT,0.982,1800,false,275,276,OPTIMAL,0.982,640,true,64,64,9,0,0,OPTIMAL,0.982,67,true,68,68,1,0,0,OPTIMAL,0.982,314,true,70,70,3,0,0,TIME_LIMIT,NaN,1800,false,OPTIMAL,0.982,0,false,OPTIMAL,0.982,202,true,83,31,6,0,0,OPTIMAL,0.982,31,true,79,24,1,0,0,OPTIMAL,0.982,126,true,93,18,5,0,1,OPTIMAL,0.982,23,true,91,14,1,0,0,ERROR,,,,,,,,,ERROR,,,,,,,,,OPTIMAL,0.982,90,true,114,11,5,0,1,OPTIMAL,0.982,39,true,184,13,1,0,1,OPTIMAL,0.982,144,true,371,14,6,0,3,OPTIMAL,0.982,47,true,189,9,1,0,2,OPTIMAL,0.982,225,true,673,15,7,0,5,TIME_LIMIT,0.982,1800,false,12455,100,5,0,9,OPTIMAL,0.982,307,true,1220,17,6,0,9,ERROR,,,,,,,,,ERROR,,,,,,,,,ERROR,,,,,,,,
iECP_1309,1800,TIME_LIMIT,0.0,1800,false,ERROR,NaN,,false,,,TIME_LIMIT,0.982,1800,false,259,260,OPTIMAL,0.982,927,true,90,90,9,0,0,OPTIMAL,0.982,83,true,88,88,1,0,0,OPTIMAL,0.982,369,true,97,97,3,0,0,TIME_LIMIT,NaN,1800,false,OPTIMAL,0.982,0,false,OPTIMAL,0.982,251,true,101,38,6,0,0,OPTIMAL,0.982,34,true,103,29,1,0,0,OPTIMAL,0.982,135,true,116,15,7,0,1,OPTIMAL,0.982,34,true,125,19,1,0,0,ERROR,,,,,,,,,ERROR,,,,,,,,,OPTIMAL,0.982,131,true,177,14,7,0,1,OPTIMAL,0.982,45,true,166,19,1,0,1,OPTIMAL,0.982,184,true,435,18,6,0,2,OPTIMAL,0.982,37,true,189,8,1,0,2,OPTIMAL,0.982,223,true,728,17,6,0,5,TIME_LIMIT,0.982,1800,false,11950,94,6,0,8,OPTIMAL,0.982,174,true,902,9,6,0,7,ERROR,,,,,,,,,ERROR,,,,,,,,,ERROR,,,,,,,,
iECs_1301,1800,TIME_LIMIT,0.982,1800,false,ERROR,NaN,,false,,,TIME_LIMIT,0.982,1800,false,258,259,OPTIMAL,0.982,743,true,73,73,9,0,0,OPTIMAL,0.982,90,true,86,86,1,0,0,OPTIMAL,0.982,244,true,64,64,3,0,0,TIME_LIMIT,NaN,1800,false,OPTIMAL,0.982,0,false,OPTIMAL,0.982,175,true,76,27,5,0,0,OPTIMAL,0.982,41,true,107,32,1,0,0,OPTIMAL,0.982,156,true,176,24,5,0,1,OPTIMAL,0.982,16,true,68,9,0,0,0,ERROR,,,,,,,,,ERROR,,,,,,,,,OPTIMAL,0.982,92,true,171,11,5,0,2,OPTIMAL,0.982,22,true,111,9,1,0,1,OPTIMAL,0.982,84,true,173,7,6,0,2,TIME_LIMIT,0.982,1800,false,9581,145,5,0,4,OPTIMAL,0.982,159,true,526,11,6,0,5,TIME_LIMIT,0.982,1800,false,12745,103,5,0,8,OPTIMAL,0.982,134,true,557,7,5,0,7,ERROR,,,,,,,,,ERROR,,,,,,,,,ERROR,,,,,,,,
iECS88_1305,1800,TIME_LIMIT,0.962,1800,false,ERROR,NaN,,false,,,TIME_LIMIT,0.982,1800,false,279,280,OPTIMAL,0.982,827,true,88,88,9,0,0,OPTIMAL,0.982,101,true,94,94,1,0,0,OPTIMAL,0.982,337,true,89,89,3,0,0,TIME_LIMIT,0.0,1800,false,OPTIMAL,0.982,0,false,OPTIMAL,0.982,228,true,93,35,6,0,0,OPTIMAL,0.982,34,true,94,28,1,0,0,OPTIMAL,0.982,97,true,99,14,5,0,1,OPTIMAL,0.982,25,true,106,15,1,0,0,ERROR,,,,,,,,,ERROR,,,,,,,,,OPTIMAL,0.982,65,true,130,8,5,0,1,OPTIMAL,0.982,38,true,191,16,1,0,1,OPTIMAL,0.982,162,true,234,10,10,0,3,OPTIMAL,0.982,144,true,881,30,1,0,3,OPTIMAL,0.982,184,true,684,13,6,0,5,TIME_LIMIT,0.982,1800,false,12318,113,4,0,8,OPTIMAL,0.982,293,true,1326,17,6,0,7,ERROR,,,,,,,,,ERROR,,,,,,,,,ERROR,,,,,,,,
iECSE_1348,1800,TIME_LIMIT,0.0,1800,false,ERROR,NaN,,false,,,TIME_LIMIT,0.982,1800,false,269,270,OPTIMAL,0.982,852,true,80,80,10,0,0,OPTIMAL,0.982,68,true,73,73,1,0,0,OPTIMAL,0.982,304,true,83,83,3,0,0,TIME_LIMIT,NaN,1800,false,OPTIMAL,0.982,0,false,OPTIMAL,0.982,334,true,80,49,6,0,0,OPTIMAL,0.982,37,true,80,32,1,0,0,OPTIMAL,0.982,247,true,86,35,6,0,0,OPTIMAL,0.982,34,true,95,26,1,0,0,ERROR,,,,,,,,,ERROR,,,,,,,,,OPTIMAL,0.982,91,true,133,10,6,0,1,OPTIMAL,0.982,33,true,160,11,1,0,1,OPTIMAL,0.982,82,true,171,7,6,0,2,TIME_LIMIT,0.982,1800,false,10641,151,5,0,5,OPTIMAL,0.982,123,true,304,8,7,0,4,OPTIMAL,0.982,46,true,203,5,1,0,3,OPTIMAL,0.982,324,true,963,18,6,0,9,ERROR,,,,,,,,,ERROR,,,,,,,,,ERROR,,,,,,,,
iECSF_1327,1800,TIME_LIMIT,0.0,1800,false,ERROR,NaN,,false,,,TIME_LIMIT,0.982,1800,false,318,319,OPTIMAL,0.982,810,true,70,70,11,0,0,OPTIMAL,0.982,83,true,78,78,1,0,0,OPTIMAL,0.982,360,true,78,78,4,0,0,TIME_LIMIT,NaN,1800,false,OPTIMAL,0.982,0,false,OPTIMAL,0.982,195,true,77,23,7,0,0,OPTIMAL,0.982,32,true,84,28,1,0,0,OPTIMAL,0.982,230,true,100,15,11,0,1,OPTIMAL,0.982,23,true,100,14,1,0,0,ERROR,,,,,,,,,ERROR,,,,,,,,,OPTIMAL,0.982,137,true,199,14,7,0,1,OPTIMAL,0.982,22,true,107,8,1,0,1,OPTIMAL,0.982,119,true,267,9,8,0,2,TIME_LIMIT,0.982,1800,false,11050,168,4,0,4,OPTIMAL,0.982,363,true,755,18,10,0,5,TIME_LIMIT,0.982,1800,false,14238,131,4,0,7,OPTIMAL,0.982,185,true,655,9,7,0,7,ERROR,,,,,,,,,ERROR,,,,,,,,,ERROR,,,,,,,,
iEcSMS35_1347,1800,TIME_LIMIT,0.0,1800,false,ERROR,NaN,,false,,,TIME_LIMIT,0.982,1800,false,260,261,OPTIMAL,0.982,727,true,72,72,9,0,0,OPTIMAL,0.982,63,true,73,73,0,0,0,OPTIMAL,0.982,291,true,70,70,3,0,0,TIME_LIMIT,NaN,1800,false,OPTIMAL,0.982,0,false,OPTIMAL,0.982,250,true,97,41,5,0,0,OPTIMAL,0.982,27,true,76,23,0,0,0,OPTIMAL,0.982,111,true,93,16,5,0,0,OPTIMAL,0.982,18,true,76,11,1,0,0,ERROR,,,,,,,,,ERROR,,,,,,,,,OPTIMAL,0.982,164,true,217,18,7,0,1,OPTIMAL,0.982,43,true,222,17,1,0,1,OPTIMAL,0.982,220,true,806,23,6,0,3,OPTIMAL,0.982,54,true,244,11,1,0,2,OPTIMAL,0.982,128,true,366,9,7,0,4,TIME_LIMIT,0.982,1800,false,12790,108,5,0,8,OPTIMAL,0.982,110,true,624,6,6,0,5,ERROR,,,,,,,,,ERROR,,,,,,,,,ERROR,,,,,,,,
iECSP_1301,1800,TIME_LIMIT,0.0,1800,false,ERROR,NaN,,false,,,TIME_LIMIT,0.982,1800,false,286,287,OPTIMAL,0.982,657,true,71,71,8,0,0,OPTIMAL,0.982,74,true,76,76,1,0,0,OPTIMAL,0.982,285,true,76,76,3,0,0,TIME_LIMIT,NaN,1800,false,OPTIMAL,0.982,0,false,OPTIMAL,0.982,186,true,85,30,5,0,0,OPTIMAL,0.982,26,true,71,22,0,0,0,OPTIMAL,0.982,117,true,109,16,6,0,0,OPTIMAL,0.982,32,true,104,18,1,0,0,ERROR,,,,,,,,,ERROR,,,,,,,,,OPTIMAL,0.982,118,true,166,15,5,0,1,OPTIMAL,0.982,40,true,190,15,1,0,1,OPTIMAL,0.982,113,true,280,10,6,0,2,OPTIMAL,0.982,85,true,426,17,1,0,3,OPTIMAL,0.982,107,true,344,8,6,0,4,TIME_LIMIT,0.982,1800,false,13141,112,4,0,8,OPTIMAL,0.982,145,true,574,8,6,0,6,ERROR,,,,,,,,,ERROR,,,,,,,,,ERROR,,,,,,,,
iECUMN_1333,1800,TIME_LIMIT,0.0,1800,false,ERROR,NaN,,false,,,TIME_LIMIT,0.983,1800,false,288,289,OPTIMAL,0.983,473,true,87,87,5,0,0,OPTIMAL,0.983,91,true,89,89,1,0,0,OPTIMAL,0.983,286,true,81,81,3,0,0,TIME_LIMIT,NaN,1800,false,OPTIMAL,0.983,0,false,OPTIMAL,0.983,254,true,96,36,6,0,0,OPTIMAL,0.983,37,true,93,30,1,0,0,OPTIMAL,0.983,153,true,117,15,8,0,1,OPTIMAL,0.983,20,true,91,11,0,0,0,ERROR,,,,,,,,,ERROR,,,,,,,,,OPTIMAL,0.983,173,true,198,15,8,0,2,OPTIMAL,0.983,19,true,100,7,1,0,1,OPTIMAL,0.983,115,true,227,10,6,0,2,OPTIMAL,0.983,1475,true,10306,150,4,0,4,OPTIMAL,0.983,157,true,396,11,6,0,4,OPTIMAL,0.983,59,true,272,7,1,0,4,OPTIMAL,0.983,218,true,1187,13,6,0,7,ERROR,,,,,,,,,ERROR,,,,,,,,,ERROR,,,,,,,,
iECW_1372,1800,TIME_LIMIT,0.0,1800,false,ERROR,NaN,,false,,,TIME_LIMIT,0.982,1800,false,277,278,OPTIMAL,0.982,399,true,74,74,5,0,0,OPTIMAL,0.982,93,true,85,85,1,0,0,OPTIMAL,0.982,264,true,72,72,3,0,0,TIME_LIMIT,NaN,1800,false,OPTIMAL,0.982,0,false,OPTIMAL,0.982,237,true,93,34,6,0,0,OPTIMAL,0.982,25,true,78,23,0,0,0,OPTIMAL,0.982,134,true,125,19,5,0,1,OPTIMAL,0.982,18,true,80,11,0,0,0,ERROR,,,,,,,,,ERROR,,,,,,,,,OPTIMAL,0.982,100,true,184,12,5,0,1,OPTIMAL,0.982,45,true,190,16,1,0,1,OPTIMAL,0.982,82,true,193,8,5,0,2,TIME_LIMIT,0.982,1800,false,9881,148,5,0,4,OPTIMAL,0.982,149,true,376,12,5,0,4,TIME_LIMIT,0.982,1800,false,12298,95,6,0,8,OPTIMAL,0.982,232,true,1073,13,5,0,8,ERROR,,,,,,,,,ERROR,,,,,,,,,ERROR,,,,,,,,
iEKO11_1354,1800,TIME_LIMIT,0.0,1800,false,ERROR,NaN,,false,,,TIME_LIMIT,0.982,1800,false,271,272,OPTIMAL,0.982,413,true,75,75,5,0,0,OPTIMAL,0.982,75,true,73,73,1,0,0,OPTIMAL,0.982,343,true,81,81,3,0,0,TIME_LIMIT,NaN,1800,false,OPTIMAL,0.982,0,false,OPTIMAL,0.982,238,true,90,36,6,0,0,OPTIMAL,0.982,37,true,101,28,1,0,0,OPTIMAL,0.982,142,true,108,18,6,0,1,OPTIMAL,0.982,20,true,81,12,1,0,0,ERROR,,,,,,,,,ERROR,,,,,,,,,OPTIMAL,0.982,78,true,133,9,6,0,1,OPTIMAL,0.982,35,true,166,14,1,0,1,OPTIMAL,0.982,118,true,289,10,7,0,2,OPTIMAL,0.982,69,true,238,15,1,0,3,OPTIMAL,0.982,91,true,281,6,6,0,3,OPTIMAL,0.982,79,true,313,10,1,0,4,OPTIMAL,0.982,259,true,895,15,5,0,8,ERROR,,,,,,,,,ERROR,,,,,,,,,ERROR,,,,,,,,
iG2583_1286,1800,TIME_LIMIT,0.933,1800,false,ERROR,NaN,,false,,,TIME_LIMIT,0.982,1800,false,297,298,OPTIMAL,0.982,440,true,80,80,5,0,0,OPTIMAL,0.982,74,true,70,70,1,0,0,OPTIMAL,0.982,281,true,79,79,3,0,0,TIME_LIMIT,NaN,1800,false,OPTIMAL,0.982,0,false,OPTIMAL,0.982,203,true,82,32,5,0,0,OPTIMAL,0.982,33,true,84,26,1,0,0,OPTIMAL,0.982,160,true,116,21,6,0,0,OPTIMAL,0.982,27,true,91,16,1,0,0,ERROR,,,,,,,,,ERROR,,,,,,,,,OPTIMAL,0.982,79,true,141,8,6,0,1,OPTIMAL,0.982,23,true,133,10,1,0,1,OPTIMAL,0.982,122,true,256,11,6,0,3,OPTIMAL,0.982,36,true,193,9,1,0,2,OPTIMAL,0.982,152,true,399,11,6,0,4,TIME_LIMIT,0.982,1800,false,13365,124,5,0,7,OPTIMAL,0.982,164,true,651,10,5,0,6,ERROR,,,,,,,,,ERROR,,,,,,,,,ERROR,,,,,,,,
iIS312,1800,OPTIMAL,50.678,0,true,ERROR,NaN,,false,,,TIME_LIMIT,50.678,1800,false,591,592,OPTIMAL,50.678,11,true,2,2,0,0,0,OPTIMAL,50.678,8,true,3,3,0,0,0,OPTIMAL,50.678,10,true,3,3,0,0,0,OPTIMAL,50.678,6,true,OPTIMAL,50.678,0,false,OPTIMAL,50.678,13,true,2,2,1,0,0,OPTIMAL,50.678,6,true,3,2,0,0,0,OPTIMAL,50.678,10,true,2,2,0,0,0,OPTIMAL,50.678,6,true,3,1,0,0,0,ERROR,,,,,,,,,ERROR,,,,,,,,,OPTIMAL,50.678,11,true,2,2,0,0,0,OPTIMAL,50.678,6,true,3,1,0,0,0,OPTIMAL,50.678,11,true,2,2,0,0,0,OPTIMAL,50.678,6,true,4,1,0,0,0,OPTIMAL,50.678,10,true,2,2,0,0,0,OPTIMAL,50.678,6,true,4,1,0,0,0,OPTIMAL,50.678,10,true,2,2,0,0,0,ERROR,,,,,,,,,ERROR,,,,,,,,,ERROR,,,,,,,,
iIS312_Epimastigote,1800,OPTIMAL,50.678,0,true,ERROR,NaN,,false,,,TIME_LIMIT,50.678,1800,false,604,605,OPTIMAL,50.678,10,true,1,1,1,0,0,OPTIMAL,50.678,7,true,1,1,0,0,0,OPTIMAL,50.678,11,true,2,2,0,0,0,OPTIMAL,50.678,4,true,OPTIMAL,50.678,0,false,OPTIMAL,50.678,13,true,1,1,1,0,0,OPTIMAL,50.678,8,true,1,1,0,0,0,OPTIMAL,50.678,10,true,1,1,1,0,0,OPTIMAL,50.678,8,true,1,1,0,0,0,ERROR,,,,,,,,,ERROR,,,,,,,,,OPTIMAL,50.678,9,true,1,1,1,0,0,OPTIMAL,50.678,8,true,1,1,0,0,0,OPTIMAL,50.678,11,true,1,1,1,0,0,OPTIMAL,50.678,8,true,1,1,0,0,0,OPTIMAL,50.678,11,true,1,1,1,0,0,OPTIMAL,50.678,8,true,1,1,0,0,0,OPTIMAL,50.678,9,true,1,1,1,0,0,ERROR,,,,,,,,,ERROR,,,,,,,,,ERROR,,,,,,,,
iIS312_Trypomastigote,1800,OPTIMAL,53.036,0,true,ERROR,NaN,,false,,,TIME_LIMIT,53.036,1800,false,550,551,OPTIMAL,53.036,11,true,3,3,0,0,0,OPTIMAL,53.036,7,true,2,2,0,0,0,OPTIMAL,53.036,11,true,6,6,0,0,0,OPTIMAL,53.036,1,true,OPTIMAL,53.036,0,false,OPTIMAL,53.036,10,true,4,2,0,0,0,OPTIMAL,53.036,8,true,2,1,0,0,0,OPTIMAL,53.036,11,true,4,2,0,0,0,OPTIMAL,53.036,8,true,2,1,0,0,0,ERROR,,,,,,,,,ERROR,,,,,,,,,OPTIMAL,53.036,13,true,7,4,0,0,0,OPTIMAL,53.036,8,true,3,1,0,0,0,OPTIMAL,53.036,11,true,6,1,1,0,0,OPTIMAL,53.036,11,true,4,1,0,0,0,OPTIMAL,53.036,12,true,27,5,0,0,0,OPTIMAL,53.036,11,true,4,1,0,0,0,OPTIMAL,53.036,11,true,31,5,0,0,0,ERROR,,,,,,,,,ERROR,,,,,,,,,ERROR,,,,,,,,
iIT341,1800,OPTIMAL,0.693,5,true,ERROR,NaN,,false,,,TIME_LIMIT,0.693,1800,false,611,612,OPTIMAL,0.693,13,true,9,9,0,0,0,OPTIMAL,0.693,8,true,8,8,0,0,0,OPTIMAL,0.693,12,true,5,5,0,0,0,OPTIMAL,0.693,42,true,OPTIMAL,0.693,0,false,OPTIMAL,0.693,12,true,4,2,1,0,0,OPTIMAL,0.693,12,true,7,5,0,0,0,OPTIMAL,0.693,11,true,5,2,1,0,0,OPTIMAL,0.693,11,true,8,4,0,0,0,ERROR,,,,,,,,,ERROR,,,,,,,,,OPTIMAL,0.693,12,true,5,2,1,0,0,OPTIMAL,0.693,12,true,12,3,0,0,0,OPTIMAL,0.693,11,true,5,2,1,0,0,OPTIMAL,0.693,14,true,42,7,0,0,0,OPTIMAL,0.693,11,true,9,2,1,0,0,OPTIMAL,0.693,11,true,25,2,0,0,0,OPTIMAL,0.693,11,true,28,2,1,0,0,ERROR,,,,,,,,,ERROR,,,,,,,,,ERROR,,,,,,,,
iJN1463,1800,TIME_LIMIT,0.0,1800,false,ERROR,NaN,,false,,,TIME_LIMIT,0.586,1800,false,230,231,OPTIMAL,0.586,936,true,142,142,5,0,0,OPTIMAL,0.586,38,true,43,43,0,0,0,OPTIMAL,0.586,699,true,109,109,5,0,0,TIME_LIMIT,NaN,1800,false,OPTIMAL,0.586,0,false,OPTIMAL,0.586,880,true,267,109,6,0,0,OPTIMAL,0.586,75,true,91,41,1,0,0,OPTIMAL,0.586,499,true,253,41,8,0,0,OPTIMAL,0.586,47,true,176,30,1,0,0,ERROR,,,,,,,,,ERROR,,,,,,,,,OPTIMAL,0.586,370,true,664,26,10,0,2,OPTIMAL,0.586,1033,true,4294,142,2,0,2,OPTIMAL,0.586,552,true,1912,37,9,0,3,OPTIMAL,0.586,682,true,5803,100,2,0,3,OPTIMAL,0.586,551,true,1564,24,13,0,5,OPTIMAL,0.586,897,true,6635,81,3,0,5,OPTIMAL,0.586,1038,true,6220,48,9,0,8,ERROR,,,,,,,,,ERROR,,,,,,,,,ERROR,,,,,,,,
iJN678,1800,OPTIMAL,0.063,72,true,ERROR,NaN,,false,,,TIME_LIMIT,0.063,1800,false,490,491,OPTIMAL,0.063,15,true,2,2,2,0,0,OPTIMAL,0.063,8,true,2,2,0,0,0,OPTIMAL,0.063,13,true,2,2,1,0,0,OPTIMAL,0.063,175,true,OPTIMAL,0.063,0,false,OPTIMAL,0.063,18,true,2,2,2,0,0,OPTIMAL,0.063,8,true,2,2,0,0,0,OPTIMAL,0.063,15,true,2,2,2,0,0,OPTIMAL,0.063,8,true,2,2,0,0,0,ERROR,,,,,,,,,ERROR,,,,,,,,,OPTIMAL,0.063,13,true,5,2,2,0,0,OPTIMAL,0.063,8,true,3,2,0,0,0,OPTIMAL,0.063,15,true,13,2,2,0,0,OPTIMAL,0.063,8,true,3,2,0,0,0,OPTIMAL,0.063,16,true,29,2,2,0,0,OPTIMAL,0.063,8,true,3,2,0,0,0,OPTIMAL,0.063,14,true,45,2,2,0,0,ERROR,,,,,,,,,ERROR,,,,,,,,,ERROR,,,,,,,,
iLF82_1304,1800,TIME_LIMIT,0.925,1800,false,ERROR,NaN,,false,,,TIME_LIMIT,0.982,1800,false,274,275,OPTIMAL,0.982,472,true,84,84,5,0,0,OPTIMAL,0.982,96,true,89,89,1,0,0,OPTIMAL,0.982,377,true,87,87,3,0,0,TIME_LIMIT,NaN,1800,false,OPTIMAL,0.982,0,false,OPTIMAL,0.982,237,true,86,44,5,0,0,OPTIMAL,0.982,24,true,61,21,0,0,0,OPTIMAL,0.982,174,true,104,28,5,0,0,OPTIMAL,0.982,34,true,94,20,1,0,0,ERROR,,,,,,,,,ERROR,,,,,,,,,OPTIMAL,0.982,83,true,138,9,6,0,1,OPTIMAL,0.982,25,true,134,9,1,0,1,OPTIMAL,0.982,86,true,230,9,5,0,2,TIME_LIMIT,0.982,1800,false,9838,132,5,0,5,OPTIMAL,0.982,113,true,368,7,6,0,4,TIME_LIMIT,0.982,1800,false,12766,96,5,0,9,OPTIMAL,0.982,313,true,1405,19,5,0,8,ERROR,,,,,,,,,ERROR,,,,,,,,,ERROR,,,,,,,,
iLJ478,1800,OPTIMAL,0.228,9,true,ERROR,NaN,,false,,,TIME_LIMIT,0.228,1800,false,476,477,OPTIMAL,0.228,14,true,6,6,1,0,0,OPTIMAL,0.228,8,true,6,6,0,0,0,OPTIMAL,0.228,13,true,8,8,0,0,0,OPTIMAL,0.228,32,true,OPTIMAL,0.228,0,false,OPTIMAL,0.228,14,true,10,7,1,0,0,OPTIMAL,0.228,9,true,7,5,0,0,0,OPTIMAL,0.228,14,true,10,7,1,0,0,OPTIMAL,0.228,9,true,11,6,0,0,0,ERROR,,,,,,,,,ERROR,,,,,,,,,OPTIMAL,0.228,14,true,16,5,1,0,0,OPTIMAL,0.228,9,true,11,6,0,0,0,OPTIMAL,0.228,12,true,15,2,1,0,0,OPTIMAL,0.228,9,true,33,5,0,0,0,OPTIMAL,0.228,11,true,20,3,1,0,0,OPTIMAL,0.228,8,true,24,2,1,0,0,OPTIMAL,0.228,12,true,27,3,1,0,0,ERROR,,,,,,,,,ERROR,,,,,,,,,ERROR,,,,,,,,
iNRG857_1313,1800,TIME_LIMIT,0.0,1800,false,ERROR,NaN,,false,,,TIME_LIMIT,0.982,1800,false,282,283,OPTIMAL,0.982,392,true,67,67,5,0,0,OPTIMAL,0.982,87,true,84,84,1,0,0,OPTIMAL,0.982,308,true,83,83,3,0,0,TIME_LIMIT,NaN,1800,false,OPTIMAL,0.982,0,false,OPTIMAL,0.982,238,true,106,42,5,0,0,OPTIMAL,0.982,33,true,84,25,1,0,0,OPTIMAL,0.982,146,true,106,13,8,0,1,OPTIMAL,0.982,20,true,85,11,1,0,0,ERROR,,,,,,,,,ERROR,,,,,,,,,OPTIMAL,0.982,114,true,186,11,7,0,1,OPTIMAL,0.982,40,true,162,16,1,0,1,OPTIMAL,0.982,116,true,263,11,6,0,2,TIME_LIMIT,0.982,1800,false,10198,141,5,0,4,OPTIMAL,0.982,203,true,395,11,9,0,6,TIME_LIMIT,0.982,1800,false,12236,102,5,0,8,OPTIMAL,0.982,361,true,1613,21,6,0,8,ERROR,,,,,,,,,ERROR,,,,,,,,,ERROR,,,,,,,,
iPC815,1800,OPTIMAL,0.284,423,true,ERROR,NaN,,false,,,TIME_LIMIT,0.284,1800,false,398,399,OPTIMAL,0.284,45,true,19,19,2,0,0,OPTIMAL,0.284,19,true,19,19,0,0,0,OPTIMAL,0.284,27,true,14,14,1,0,0,TIME_LIMIT,0.0,1800,false,OPTIMAL,0.284,0,false,OPTIMAL,0.284,28,true,16,8,2,0,0,OPTIMAL,0.284,12,true,20,10,0,0,0,OPTIMAL,0.284,32,true,21,11,2,0,0,OPTIMAL,0.284,11,true,18,6,0,0,0,ERROR,,,,,,,,,ERROR,,,,,,,,,OPTIMAL,0.284,25,true,39,6,2,0,0,OPTIMAL,0.284,12,true,49,6,0,0,0,OPTIMAL,0.284,22,true,56,4,2,0,1,OPTIMAL,0.284,13,true,76,5,0,0,1,OPTIMAL,0.284,31,true,117,5,2,0,1,OPTIMAL,0.284,12,true,56,2,0,0,1,OPTIMAL,0.284,42,true,206,6,2,0,2,ERROR,,,,,,,,,ERROR,,,,,,,,,ERROR,,,,,,,,
iSBO_1134,1800,OPTIMAL,0.4,1565,true,ERROR,NaN,,false,,,TIME_LIMIT,0.4,1800,false,318,319,OPTIMAL,0.4,226,true,47,47,4,0,0,OPTIMAL,0.4,36,true,48,48,0,0,0,OPTIMAL,0.4,154,true,53,53,2,0,0,TIME_LIMIT,NaN,1800,false,OPTIMAL,0.4,0,false,OPTIMAL,0.4,135,true,59,24,5,0,0,OPTIMAL,0.4,28,true,68,23,0,0,0,OPTIMAL,0.4,83,true,64,13,5,0,0,TIME_LIMIT,0.4,1800,false,3730,441,2,0,0,ERROR,,,,,,,,,ERROR,,,,,,,,,OPTIMAL,0.4,92,true,124,9,6,0,1,OPTIMAL,0.4,29,true,182,13,1,0,1,OPTIMAL,0.4,85,true,175,10,4,0,2,OPTIMAL,0.4,50,true,272,13,1,0,2,OPTIMAL,0.4,154,true,572,15,4,0,4,TIME_LIMIT,0.4,1800,false,14046,133,4,0,6,OPTIMAL,0.4,80,true,402,5,5,0,4,ERROR,,,,,,,,,ERROR,,,,,,,,,ERROR,,,,,,,,
iSSON_1240,1800,TIME_LIMIT,0.0,1800,false,ERROR,NaN,,false,,,TIME_LIMIT,0.983,1800,false,276,277,OPTIMAL,0.983,312,true,65,65,4,0,0,OPTIMAL,0.983,54,true,61,61,0,0,0,OPTIMAL,0.983,213,true,66,66,3,0,0,TIME_LIMIT,NaN,1800,false,OPTIMAL,0.983,0,false,OPTIMAL,0.983,194,true,76,31,5,0,0,OPTIMAL,0.983,26,true,71,21,0,0,0,OPTIMAL,0.983,130,true,102,19,5,0,1,OPTIMAL,0.983,18,true,73,11,0,0,0,ERROR,,,,,,,,,ERROR,,,,,,,,,OPTIMAL,0.983,87,true,138,11,5,0,1,OPTIMAL,0.983,27,true,127,12,1,0,1,OPTIMAL,0.983,62,true,224,7,4,0,2,TIME_LIMIT,0.983,1800,false,9933,157,5,0,4,OPTIMAL,0.983,125,true,352,12,5,0,3,TIME_LIMIT,0.983,1800,false,12572,112,5,0,7,OPTIMAL,0.983,252,true,1144,18,4,0,7,ERROR,,,,,,,,,ERROR,,,,,,,,,ERROR,,,,,,,,
iUMN146_1321,1800,TIME_LIMIT,0.0,1800,false,ERROR,NaN,,false,,,TIME_LIMIT,0.982,1800,false,277,278,OPTIMAL,0.982,491,true,88,88,5,0,0,OPTIMAL,0.982,68,true,73,73,1,0,0,OPTIMAL,0.982,392,true,92,92,4,0,0,TIME_LIMIT,0.0,1800,false,OPTIMAL,0.982,0,false,OPTIMAL,0.982,215,true,90,33,6,0,0,OPTIMAL,0.982,34,true,94,29,1,0,0,OPTIMAL,0.982,177,true,127,25,6,0,0,OPTIMAL,0.982,30,true,130,21,1,0,0,ERROR,,,,,,,,,ERROR,,,,,,,,,OPTIMAL,0.982,114,true,170,14,6,0,1,OPTIMAL,0.982,76,true,359,29,1,0,1,OPTIMAL,0.982,181,true,389,16,7,0,3,TIME_LIMIT,0.982,1800,false,11700,157,5,0,4,OPTIMAL,0.982,240,true,779,16,7,0,5,TIME_LIMIT,0.982,1800,false,13908,118,5,0,8,OPTIMAL,0.982,327,true,1513,20,6,0,8,ERROR,,,,,,,,,ERROR,,,,,,,,,ERROR,,,,,,,,
iUMNK88_1353,1800,TIME_LIMIT,0.969,1800,false,ERROR,NaN,,false,,,TIME_LIMIT,0.982,1800,false,263,264,OPTIMAL,0.982,409,true,73,73,5,0,0,OPTIMAL,0.982,71,true,75,75,1,0,0,OPTIMAL,0.982,309,true,81,81,3,0,0,TIME_LIMIT,NaN,1800,false,OPTIMAL,0.982,0,false,OPTIMAL,0.982,154,true,69,23,6,0,0,OPTIMAL,0.982,34,true,90,28,1,0,0,OPTIMAL,0.982,93,true,96,14,5,0,0,OPTIMAL,0.982,25,true,95,16,1,0,0,ERROR,,,,,,,,,ERROR,,,,,,,,,OPTIMAL,0.982,81,true,142,10,5,0,1,OPTIMAL,0.982,28,true,156,12,1,0,1,OPTIMAL,0.982,135,true,322,12,6,0,3,TIME_LIMIT,0.982,1800,false,10292,148,5,0,4,OPTIMAL,0.982,94,true,305,7,6,0,4,TIME_LIMIT,0.982,1800,false,11805,101,6,0,8,OPTIMAL,0.982,186,true,724,10,6,0,7,ERROR,,,,,,,,,ERROR,,,,,,,,,ERROR,,,,,,,,
iUTI89_1310,1800,TIME_LIMIT,0.98,1800,false,ERROR,NaN,,false,,,TIME_LIMIT,0.982,1800,false,288,289,OPTIMAL,0.982,528,true,89,89,5,0,0,OPTIMAL,0.982,88,true,86,86,1,0,0,OPTIMAL,0.982,244,true,63,63,3,0,0,TIME_LIMIT,NaN,1800,false,OPTIMAL,0.982,0,false,OPTIMAL,0.982,223,true,97,40,5,0,0,OPTIMAL,0.982,30,true,84,28,0,0,0,OPTIMAL,0.982,239,true,94,35,6,0,0,OPTIMAL,0.982,23,true,80,18,0,0,0,ERROR,,,,,,,,,ERROR,,,,,,,,,OPTIMAL,0.982,151,true,163,12,9,0,2,OPTIMAL,0.982,28,true,175,11,1,0,1,OPTIMAL,0.982,94,true,238,7,7,0,2,OPTIMAL,0.982,68,true,375,16,1,0,2,OPTIMAL,0.982,134,true,415,10,6,0,4,TIME_LIMIT,0.982,1800,false,13036,114,4,0,7,OPTIMAL,0.982,244,true,936,13,7,0,7,ERROR,,,,,,,,,ERROR,,,,,,,,,ERROR,,,,,,,,
iWFL_1372,1800,TIME_LIMIT,0.946,1800,false,ERROR,NaN,,false,,,TIME_LIMIT,0.982,1800,false,249,250,OPTIMAL,0.982,488,true,85,85,5,0,0,OPTIMAL,0.982,68,true,75,75,1,0,0,OPTIMAL,0.982,265,true,74,74,3,0,0,TIME_LIMIT,0.0,1800,false,OPTIMAL,0.982,0,false,OPTIMAL,0.982,288,true,80,30,8,0,0,OPTIMAL,0.982,36,true,95,30,1,0,0,OPTIMAL,0.982,167,true,103,22,6,0,0,OPTIMAL,0.982,25,true,84,16,1,0,0,ERROR,,,,,,,,,ERROR,,,,,,,,,OPTIMAL,0.982,115,true,177,12,6,0,1,OPTIMAL,0.982,15,true,80,5,1,0,1,OPTIMAL,0.982,120,true,228,10,7,0,2,OPTIMAL,0.982,179,true,736,36,1,0,3,OPTIMAL,0.982,199,true,453,13,7,0,5,TIME_LIMIT,0.982,1800,false,12381,106,5,0,8,OPTIMAL,0.982,252,true,761,14,6,0,8,ERROR,,,,,,,,,ERROR,,,,,,,,,ERROR,,,,,,,,
iY75_1357,1800,TIME_LIMIT,0.0,1800,false,ERROR,NaN,,false,,,TIME_LIMIT,0.982,1800,false,282,283,OPTIMAL,0.982,478,true,81,81,5,0,0,OPTIMAL,0.982,77,true,78,78,1,0,0,OPTIMAL,0.982,325,true,81,81,3,0,0,TIME_LIMIT,NaN,1800,false,OPTIMAL,0.982,0,false,OPTIMAL,0.982,346,true,91,50,6,0,0,OPTIMAL,0.982,35,true,78,29,1,0,0,OPTIMAL,0.982,112,true,103,14,6,0,1,OPTIMAL,0.982,23,true,100,14,1,0,0,ERROR,,,,,,,,,ERROR,,,,,,,,,OPTIMAL,0.982,78,true,133,9,5,0,1,OPTIMAL,0.982,28,true,157,9,1,0,1,OPTIMAL,0.982,75,true,242,7,5,0,2,OPTIMAL,0.982,56,true,273,12,1,0,3,OPTIMAL,0.982,256,true,597,18,7,0,5,TIME_LIMIT,0.982,1800,false,8356,63,5,0,9,OPTIMAL,0.982,281,true,782,15,6,0,9,ERROR,,,,,,,,,ERROR,,,,,,,,,ERROR,,,,,,,,
iYL1228,1800,OPTIMAL,1.043,736,true,ERROR,NaN,,false,,,TIME_LIMIT,1.043,1800,false,386,387,OPTIMAL,1.043,98,true,25,25,3,0,0,OPTIMAL,1.043,22,true,29,29,0,0,0,OPTIMAL,1.043,61,true,28,28,2,0,0,TIME_LIMIT,NaN,1800,false,OPTIMAL,1.043,0,false,OPTIMAL,1.043,39,true,22,8,3,0,0,OPTIMAL,1.043,11,true,20,8,0,0,0,OPTIMAL,1.043,32,true,31,6,3,0,0,OPTIMAL,1.043,10,true,34,5,0,0,0,ERROR,,,,,,,,,ERROR,,,,,,,,,OPTIMAL,1.043,28,true,44,4,3,0,1,OPTIMAL,1.043,14,true,99,6,0,0,1,OPTIMAL,1.043,29,true,38,3,4,0,1,OPTIMAL,1.043,361,true,4048,78,2,0,2,OPTIMAL,1.043,31,true,59,3,3,0,1,OPTIMAL,1.043,232,true,3434,45,1,0,3,OPTIMAL,1.043,81,true,353,8,3,0,4,ERROR,,,,,,,,,ERROR,,,,,,,,,ERROR,,,,,,,,
iYS854,1800,TIME_LIMIT,0.0,1800,false,ERROR,NaN,,false,,,TIME_LIMIT,1.36,1800,false,266,267,OPTIMAL,1.36,21,true,6,6,1,0,0,OPTIMAL,1.36,39,true,36,36,0,0,0,OPTIMAL,1.36,18,true,6,6,1,0,0,TIME_LIMIT,0.0,1800,false,OPTIMAL,1.36,0,false,OPTIMAL,1.36,18,true,9,5,1,0,0,OPTIMAL,1.36,21,true,35,18,1,0,0,OPTIMAL,1.36,31,true,27,11,1,0,0,OPTIMAL,1.36,21,true,49,17,0,0,0,ERROR,,,,,,,,,ERROR,,,,,,,,,OPTIMAL,1.36,26,true,30,6,1,0,0,OPTIMAL,1.36,18,true,67,12,0,0,0,OPTIMAL,1.36,24,true,38,7,1,0,0,OPTIMAL,1.36,16,true,59,10,0,0,0,OPTIMAL,1.36,21,true,43,5,1,0,0,OPTIMAL,1.36,30,true,126,10,1,0,1,OPTIMAL,1.36,22,true,154,5,1,0,1,ERROR,,,,,,,,,ERROR,,,,,,,,,ERROR,,,,,,,,
